track_id,genre,split
2,Hip-Hop,val
5,Hip-Hop,train
10,Pop,train
140,Folk,val
141,Folk,val
148,Experimental,val
182,Rock,val
190,Folk,test
193,Folk,train
194,Folk,train
197,Folk,train
200,Folk,train
203,Folk,val
204,Folk,train
207,Folk,test
210,Folk,train
211,Folk,test
212,Folk,train
213,Pop,train
255,Rock,train
256,Rock,train
368,Rock,train
424,Experimental,train
459,Rock,train
534,Folk,train
540,Folk,train
546,Folk,train
574,Rock,train
602,Folk,train
615,Experimental,train
620,Folk,train
621,Folk,test
625,Folk,val
666,International,train
667,International,val
676,Hip-Hop,train
690,Rock,train
694,Hip-Hop,train
695,Hip-Hop,train
704,International,train
705,International,train
706,International,train
707,International,val
708,International,train
709,International,val
714,Folk,val
715,Folk,train
716,Folk,train
718,Folk,train
777,Rock,train
814,Folk,train
821,Pop,train
822,Pop,train
825,Rock,test
853,International,train
890,Folk,val
892,Folk,train
897,Experimental,train
993,Rock,val
995,Experimental,val
997,Experimental,train
998,Experimental,train
1039,Rock,train
1040,Rock,test
1066,Experimental,val
1069,Experimental,train
1073,Experimental,train
1075,Experimental,test
1082,International,train
1083,Experimental,train
1087,Rock,val
1102,Rock,test
1193,Folk,train
1195,Folk,train
1196,Folk,train
1197,Folk,train
1249,Experimental,val
1259,Experimental,train
1270,Rock,train
1276,Experimental,val
1277,Experimental,train
1278,Experimental,train
1417,Rock,train
1427,Rock,train
1443,Experimental,test
1482,Electronic,train
1510,Experimental,val
1544,Folk,train
1642,Pop,train
1644,Pop,train
1649,Pop,val
1661,Pop,train
1663,Pop,train
1666,Pop,train
1673,Experimental,train
1680,International,val
1681,International,train
1682,International,val
1683,International,train
1684,International,train
1685,International,train
1686,International,train
1687,International,test
1688,International,train
1689,International,train
1701,Folk,train
1702,Folk,train
1703,Folk,val
1704,Folk,val
1706,Rock,test
1720,Rock,val
1732,Experimental,train
1733,Experimental,train
1735,Experimental,val
1736,Experimental,train
1883,Rock,train
1891,Rock,train
1893,Folk,train
1924,Folk,train
1925,Folk,val
1929,Experimental,test
1930,Rock,train
2012,Experimental,train
2096,Experimental,train
2097,Folk,train
2099,Pop,train
3263,Folk,train
3264,Folk,train
3265,Folk,val
3266,Folk,train
3270,Folk,train
3271,Folk,train
3272,Folk,train
3273,Folk,train
3274,Folk,val
3492,Rock,train
3532,Pop,train
3533,Pop,train
3534,Pop,train
3535,Pop,train
3537,Pop,train
3538,Pop,train
3573,Electronic,val
3598,Folk,val
3624,Rock,train
3707,Folk,val
3708,Folk,train
3720,Rock,train
3721,Rock,train
3722,Rock,train
3724,Rock,train
3725,Rock,train
3761,Rock,train
3762,Rock,train
3763,Rock,val
3765,Rock,train
3766,Rock,train
3775,International,train
3776,International,train
3777,International,train
3778,International,train
3779,International,train
3832,Folk,test
3833,Rock,train
3840,Rock,train
3880,Folk,train
3895,International,train
3896,International,train
3904,Folk,train
3905,Folk,train
3906,Folk,train
3908,Folk,train
3909,Folk,val
3910,Folk,val
3911,Folk,train
3912,Folk,train
3913,Folk,train
3920,Folk,train
3921,Folk,test
3950,Rock,train
4013,Folk,train
4017,Folk,train
4022,Rock,train
4037,Folk,train
4066,Folk,val
4067,Folk,train
4068,Folk,train
4069,Folk,train
4070,International,train
4071,International,test
4072,International,train
4073,International,test
4074,International,val
4075,International,train
4076,International,train
4077,International,train
4078,International,test
4079,International,train
4080,International,val
4091,International,val
4092,International,test
4093,International,train
4094,International,train
4095,International,val
4096,International,train
4097,International,val
4098,International,train
4099,International,train
4100,International,val
4101,International,val
4102,International,val
4103,International,train
4108,Rock,train
4232,International,train
4233,International,test
4234,International,train
4235,International,train
4236,International,val
4239,International,train
4450,Folk,train
4507,International,test
4508,International,val
4509,International,test
4510,International,train
4511,International,train
4519,Electronic,train
4520,Electronic,train
4521,Electronic,test
4522,Electronic,train
4682,Hip-Hop,train
4684,Hip-Hop,train
4685,Hip-Hop,test
4688,Hip-Hop,train
4777,Rock,train
4778,Rock,test
4779,Rock,train
4780,Rock,val
4781,Rock,train
4782,Rock,train
4784,Rock,val
4785,Rock,train
4786,Rock,train
4787,Rock,val
4788,Rock,train
4799,Rock,test
4835,Rock,train
4836,Rock,train
4838,Rock,train
4846,International,train
4848,International,test
4849,International,test
5006,Rock,train
5156,Folk,train
5157,Folk,train
5158,Folk,test
5159,Folk,test
5169,Folk,train
5170,Folk,train
5171,Folk,train
5191,Pop,train
5264,Hip-Hop,train
5268,Hip-Hop,train
5376,Folk,train
5381,Folk,train
5521,Experimental,train
5879,Folk,train
5936,Folk,val
5940,Folk,val
6329,International,train
6330,International,train
6331,International,train
6332,International,train
6333,International,train
6342,International,val
6354,International,val
6357,International,test
6358,International,train
6360,International,train
6363,International,val
6366,International,train
6367,International,train
6368,International,train
6370,International,train
6372,International,train
6373,International,val
6376,International,train
6379,International,val
6380,International,train
6381,International,val
6382,International,train
6383,International,val
6385,International,val
6387,International,val
6389,International,train
6390,International,train
6393,International,val
6394,International,val
6396,International,train
6406,Folk,test
6407,Folk,train
6439,Hip-Hop,train
6440,Hip-Hop,train
6442,Hip-Hop,train
6443,Hip-Hop,train
6448,Hip-Hop,val
6459,International,val
6461,Folk,train
6463,Folk,val
6467,Folk,val
6469,International,train
6517,Rock,test
6519,Rock,train
6603,Hip-Hop,train
6605,Hip-Hop,train
6606,Hip-Hop,train
6607,Hip-Hop,train
6608,Hip-Hop,train
6609,Hip-Hop,train
6610,Hip-Hop,train
6611,Hip-Hop,train
6674,Experimental,test
6675,Experimental,train
6677,Experimental,train
6679,Experimental,test
6680,Experimental,train
6684,Experimental,train
6762,Folk,train
6776,Rock,train
6778,Rock,train
6779,Folk,train
6782,Folk,train
6783,Folk,train
6788,Rock,train
6802,International,test
6803,International,train
6854,Folk,train
6855,Folk,train
6856,Folk,train
6857,Folk,train
7011,Electronic,train
7373,Experimental,train
7374,Experimental,train
7375,Experimental,train
7376,Experimental,train
7377,Experimental,val
7378,Experimental,train
7379,Experimental,train
7381,Experimental,val
7383,Experimental,train
7385,Experimental,train
7386,Experimental,train
7388,Experimental,train
7391,Experimental,val
7393,Experimental,train
7481,Hip-Hop,train
7482,Hip-Hop,test
7483,Hip-Hop,train
7487,Hip-Hop,train
7488,Hip-Hop,train
7489,Hip-Hop,train
7490,Hip-Hop,train
7491,Hip-Hop,train
7492,Hip-Hop,train
7495,Rock,train
7526,Pop,test
7527,Pop,test
7528,Pop,train
7529,Pop,test
7548,Experimental,val
7554,Experimental,train
7709,Folk,train
7710,Folk,train
7711,Folk,train
7712,Folk,val
7713,Folk,train
7872,Rock,train
8056,Rock,train
8208,Rock,train
8256,Folk,train
8259,Folk,train
8261,Folk,val
8345,Experimental,test
8357,Experimental,train
8363,Experimental,train
8372,Experimental,val
8416,Experimental,val
9152,Experimental,train
9155,Experimental,train
9307,Experimental,train
9476,Experimental,train
9477,Experimental,train
9491,Rock,train
9505,Experimental,train
9511,Rock,train
9512,International,train
9513,Rock,train
9550,Rock,val
9553,Rock,val
9555,Rock,train
9557,Rock,val
9559,Rock,train
9560,Rock,val
9678,Experimental,train
9721,Experimental,test
9846,Experimental,train
9887,Folk,test
9888,Folk,test
9918,Experimental,train
9962,Rock,val
10186,International,val
10192,Hip-Hop,train
10250,Instrumental,test
10374,Experimental,train
10375,Experimental,train
10376,Experimental,train
10377,Experimental,val
10381,Folk,train
10382,Folk,train
10383,Folk,train
10384,Folk,train
10385,Folk,train
10386,Folk,val
10387,Folk,train
10388,Folk,train
10389,Folk,val
10435,Experimental,train
10438,Folk,val
10439,Folk,test
10440,Folk,train
10441,Folk,val
10442,Folk,train
10443,Folk,train
10444,Folk,val
10447,Folk,train
10458,Folk,val
10480,Folk,train
10481,Folk,train
10485,Folk,val
10521,Experimental,train
10527,Experimental,train
10535,Experimental,train
10541,Experimental,train
10575,Folk,train
10577,Folk,train
10668,Rock,train
10669,Rock,train
10670,Rock,train
10671,Rock,val
10672,Rock,test
10673,Rock,train
10674,Rock,train
10675,Rock,val
10676,Rock,train
10677,Rock,test
10678,Folk,train
10679,Folk,val
10682,Folk,train
10684,Folk,train
10693,Hip-Hop,val
10694,Hip-Hop,train
10695,Hip-Hop,train
10696,Hip-Hop,train
10697,Hip-Hop,train
10698,Hip-Hop,val
10699,Hip-Hop,test
10805,Pop,train
10806,Pop,train
10807,Pop,test
10808,Pop,val
10809,Pop,train
10810,Pop,train
10983,Experimental,test
10992,Folk,train
10993,Folk,train
11019,Experimental,train
11020,Experimental,train
11059,Folk,train
11198,Pop,test
11199,Pop,train
11200,Pop,val
11204,Hip-Hop,train
11206,Electronic,train
11234,Experimental,val
11237,Experimental,train
11239,Experimental,train
11242,Experimental,train
11261,Pop,train
11262,Electronic,train
11264,Rock,test
11268,Rock,train
11298,Hip-Hop,train
11299,Hip-Hop,train
11306,Rock,test
11333,Experimental,train
11334,Experimental,train
11503,Folk,train
11504,Folk,train
11505,Folk,val
11508,Folk,train
11544,Experimental,val
11638,Instrumental,train
11671,International,train
11672,International,train
11673,International,train
11674,International,train
11675,International,val
11677,International,train
11679,International,train
11681,International,val
11682,International,test
11683,International,val
11763,Hip-Hop,train
11764,Hip-Hop,train
11765,Hip-Hop,val
11766,Hip-Hop,train
11767,Hip-Hop,train
11768,Hip-Hop,train
11769,Hip-Hop,train
11770,Hip-Hop,train
11771,Hip-Hop,train
11772,Hip-Hop,train
11773,Hip-Hop,train
11774,Hip-Hop,train
11775,Hip-Hop,train
11776,Hip-Hop,train
11777,Hip-Hop,train
11778,Hip-Hop,train
11779,Hip-Hop,train
11780,Hip-Hop,val
11781,Hip-Hop,test
11782,Hip-Hop,train
11783,Hip-Hop,test
11784,Hip-Hop,val
11785,Hip-Hop,train
11786,Hip-Hop,test
11787,Hip-Hop,train
11788,Hip-Hop,train
11789,Hip-Hop,train
11790,Hip-Hop,val
11791,Hip-Hop,val
11792,Hip-Hop,train
11793,Hip-Hop,test
11794,Hip-Hop,test
11795,Hip-Hop,train
11803,Hip-Hop,train
11818,Hip-Hop,train
11839,Hip-Hop,train
11861,Hip-Hop,train
11862,Hip-Hop,train
11867,Hip-Hop,test
11868,Hip-Hop,train
11916,Hip-Hop,train
11917,Hip-Hop,train
11918,Hip-Hop,train
11919,Hip-Hop,train
11920,Hip-Hop,val
11921,Hip-Hop,train
11922,Hip-Hop,train
11933,Rock,train
11937,Pop,val
11942,Electronic,train
11946,Experimental,train
11947,Experimental,train
11951,Experimental,test
12045,Folk,test
12046,Folk,test
12047,Folk,val
12048,Folk,test
12049,Folk,test
12050,Folk,train
12051,Folk,train
12052,Folk,train
12053,Folk,val
12058,Folk,test
12059,Folk,train
12060,Folk,val
12061,Folk,train
12062,Folk,test
12064,Folk,train
12065,Folk,train
12066,Folk,val
12067,Folk,val
12109,International,test
12146,Pop,train
12147,Pop,train
12173,Hip-Hop,train
12174,Hip-Hop,train
12179,Pop,train
12188,Pop,train
12189,Electronic,train
12346,Experimental,val
12348,Folk,val
12349,Folk,train
12350,Folk,train
12351,Folk,train
12352,Folk,val
12353,Folk,train
12355,Folk,test
12376,Pop,train
12387,Pop,test
12390,Pop,train
12394,Hip-Hop,train
12481,Folk,train
12482,Folk,train
12484,Folk,train
12485,Folk,train
12486,Folk,val
12487,Folk,train
12488,Folk,train
12489,Folk,val
12490,Folk,train
12508,Folk,train
12513,Folk,test
12514,Folk,train
12518,Pop,train
12521,Rock,train
12526,Hip-Hop,train
12527,Pop,val
12530,Pop,test
12531,Hip-Hop,train
12532,Pop,val
12537,Pop,train
12551,Pop,test
12552,Pop,train
12654,Pop,train
12690,International,train
12691,International,train
12692,International,train
12737,Experimental,val
12985,Folk,train
12986,Folk,train
13191,Pop,train
13197,Pop,train
13199,Hip-Hop,train
13201,Hip-Hop,train
13218,Pop,train
13220,Pop,val
13325,Rock,test
13328,Pop,train
13362,Pop,val
13378,Pop,train
13474,Electronic,train
13537,International,train
13538,International,train
13539,International,val
13540,International,train
13556,Rock,train
13561,Hip-Hop,train
13562,Electronic,train
13566,Hip-Hop,train
13571,Electronic,test
13578,Experimental,train
13591,Hip-Hop,train
13596,Rock,val
13666,Rock,val
13668,Electronic,val
13670,Hip-Hop,val
13706,Electronic,train
13707,Electronic,train
13708,Electronic,train
13709,Electronic,train
13710,Electronic,train
13711,Electronic,val
13735,Hip-Hop,train
13747,Hip-Hop,val
13748,Hip-Hop,train
13749,Hip-Hop,train
13767,Hip-Hop,train
13768,Hip-Hop,train
13804,Hip-Hop,val
13927,Folk,train
13928,Folk,train
13929,Folk,val
13930,Folk,val
14063,Electronic,val
14208,Electronic,train
14315,International,test
14316,International,train
14317,International,train
14318,International,train
14319,International,train
14320,International,train
14344,Electronic,train
14358,Hip-Hop,train
14363,Hip-Hop,train
14365,Hip-Hop,train
14386,Hip-Hop,train
14391,Hip-Hop,train
14538,Hip-Hop,test
14539,Hip-Hop,train
14541,Hip-Hop,train
14542,Hip-Hop,train
14568,Instrumental,train
14569,Instrumental,val
14570,Instrumental,train
14571,Instrumental,train
14572,Instrumental,train
14576,Instrumental,test
14577,Instrumental,train
14578,Instrumental,test
14579,Instrumental,train
14580,Instrumental,train
14581,Instrumental,train
14583,Instrumental,train
14584,Instrumental,train
14585,Instrumental,train
14586,Instrumental,test
14588,Instrumental,train
14589,Instrumental,val
14590,Instrumental,train
14601,International,train
14602,International,val
14603,International,val
14604,International,train
14653,Rock,val
14661,Folk,train
14663,Pop,train
14684,Folk,train
14690,Experimental,train
14693,Folk,train
14733,Rock,train
14734,Rock,train
14735,Rock,val
14736,Rock,train
14737,Rock,train
14738,Rock,train
14739,Rock,val
14740,Rock,train
14741,Rock,val
14742,Rock,train
14743,Rock,train
14744,Rock,val
14745,Rock,val
14809,Folk,train
14869,Electronic,train
15094,Experimental,train
15210,Hip-Hop,train
15464,Experimental,train
15469,Experimental,train
15471,Experimental,val
15475,Experimental,val
15476,Experimental,val
15487,International,train
15488,International,train
15540,Experimental,train
15541,Experimental,train
15542,Experimental,train
15543,Experimental,train
15625,Experimental,train
15769,Electronic,train
15770,Electronic,train
15771,Electronic,val
15772,Electronic,train
15773,Electronic,train
15880,International,test
16095,Pop,train
16155,Pop,train
16158,Pop,train
16162,Hip-Hop,val
16163,Pop,train
16334,International,train
16337,Pop,train
16338,Pop,train
16339,Pop,train
16340,Pop,train
16354,Rock,train
16743,International,train
16744,International,train
16745,International,train
16747,International,train
16819,Rock,train
16820,Rock,train
16821,Rock,train
16822,Rock,train
16878,Hip-Hop,train
16879,Hip-Hop,train
16880,Hip-Hop,train
16895,Pop,train
16994,Rock,train
16995,Rock,val
16997,Rock,train
17132,Folk,train
17344,Pop,val
17345,Pop,train
17462,Rock,train
17491,Hip-Hop,val
17496,Hip-Hop,train
17499,Hip-Hop,train
17500,Hip-Hop,val
17573,Experimental,train
17588,Electronic,train
17605,International,train
17606,International,train
17607,International,train
17608,International,train
17609,International,train
17610,International,val
17611,International,val
17631,International,val
17632,International,train
17633,International,train
17634,International,train
17635,International,train
17636,International,val
17637,International,train
17644,Experimental,test
17735,Rock,val
17782,Hip-Hop,train
17884,Electronic,train
17906,Pop,train
18031,International,train
18032,International,train
18033,International,train
18034,International,val
18037,International,test
18038,International,train
18039,International,train
18043,International,train
18044,International,train
18112,Experimental,train
18124,Experimental,val
18144,Pop,train
18145,Pop,train
18146,Pop,val
18159,Folk,train
18197,Rock,val
18350,Folk,train
18607,Rock,val
18611,Rock,val
18876,Experimental,train
18877,Experimental,train
18887,Rock,val
19073,Pop,train
19074,Pop,test
19179,Rock,train
19184,Rock,val
19187,Rock,train
19192,Experimental,train
19412,Pop,train
19413,Pop,val
19415,Pop,train
19416,Pop,val
19417,Pop,train
19418,Pop,val
19420,Pop,train
19422,Pop,train
19423,Pop,train
19425,Pop,train
19438,Hip-Hop,test
19439,Hip-Hop,train
19441,Pop,train
19442,Pop,val
19459,International,train
19673,International,train
19674,International,train
19685,Rock,train
19689,Pop,test
19707,Folk,val
19708,Folk,train
19729,Hip-Hop,test
19758,Pop,val
19759,Pop,train
19760,Pop,train
19889,International,train
19890,International,train
19891,International,val
20050,Rock,val
20296,Experimental,train
20361,Instrumental,train
20362,Instrumental,val
20364,Instrumental,train
20365,Instrumental,train
20366,Instrumental,train
20369,Instrumental,train
20372,Instrumental,train
20373,Instrumental,train
20374,Instrumental,train
20375,Instrumental,train
20376,Instrumental,train
20424,Experimental,train
20432,International,train
20469,Hip-Hop,val
20667,Electronic,test
20704,Pop,val
20818,Experimental,train
21058,Experimental,test
21085,Electronic,train
21087,Folk,train
21167,Electronic,test
21228,Hip-Hop,train
21231,Pop,train
21232,Pop,train
21400,Pop,val
21401,Pop,train
21402,Pop,train
21403,Pop,train
21404,Pop,train
21409,Pop,val
21422,Electronic,test
21565,Pop,train
21587,Pop,train
21657,Pop,val
21672,Pop,val
21676,Pop,train
21677,Pop,train
21707,Folk,train
21774,Experimental,val
21842,Electronic,train
21859,Rock,train
21860,Rock,train
21891,Electronic,train
21895,Electronic,train
21995,Pop,train
21996,Pop,train
21997,Pop,train
21998,Pop,val
21999,Pop,train
22000,Pop,train
22001,Pop,test
22088,Hip-Hop,train
22091,Hip-Hop,train
22093,Rock,val
22094,Hip-Hop,train
22095,Electronic,train
22097,Pop,val
22150,Experimental,train
22295,Hip-Hop,train
22296,Hip-Hop,train
22315,International,train
22348,Pop,train
22472,Pop,train
22473,Pop,train
22474,Pop,val
22475,Pop,val
22476,Pop,val
22477,Pop,train
22478,Pop,train
22479,Pop,train
22480,Pop,train
22481,Pop,train
23010,Electronic,val
23013,Electronic,train
23014,Folk,train
23015,Folk,val
23016,Electronic,train
23037,Rock,test
23039,Pop,train
23041,Rock,val
23063,Experimental,train
23155,International,train
23156,International,train
23172,Rock,test
23329,Experimental,test
23353,Electronic,train
23355,Electronic,train
23371,Folk,train
23372,Electronic,train
23505,Electronic,train
23862,Electronic,val
24216,Experimental,val
24217,Experimental,train
24218,Experimental,val
24362,International,val
24363,International,train
24364,International,train
24365,International,train
24366,International,train
24367,International,train
24368,International,test
24369,International,train
24370,International,test
24371,International,train
24418,Hip-Hop,train
24420,Hip-Hop,train
24421,Hip-Hop,train
24422,Hip-Hop,val
24423,Hip-Hop,val
24424,Hip-Hop,train
24425,Hip-Hop,train
24426,Hip-Hop,train
24427,Hip-Hop,train
24428,Hip-Hop,train
24429,Hip-Hop,train
24430,Hip-Hop,train
24431,Hip-Hop,train
24432,Hip-Hop,train
24512,Experimental,train
24515,Experimental,train
24521,Experimental,train
24524,Experimental,train
24698,International,val
24699,International,train
24700,International,train
24701,International,val
24702,International,test
24717,International,train
24720,International,val
24739,International,val
24741,International,train
24742,International,test
24745,International,val
24746,International,val
24747,International,train
24748,International,train
24749,International,train
24842,International,train
24898,Experimental,train
24899,Experimental,train
24901,Experimental,val
24912,Experimental,train
24915,Experimental,train
24917,Experimental,test
24963,Experimental,train
24975,Experimental,test
24983,Experimental,val
25028,International,train
25029,International,train
25030,International,train
25031,International,train
25032,International,test
25033,International,train
25055,Pop,train
25063,Experimental,test
25066,Electronic,train
25104,Pop,train
25124,Pop,train
25215,International,train
25216,International,train
25227,International,train
25232,International,val
25233,International,test
25234,International,train
25235,International,train
25324,Experimental,train
25378,Electronic,train
25601,International,train
25603,International,val
25605,International,val
25606,International,train
25608,International,train
25609,International,val
25668,International,train
25669,International,train
25670,International,val
25795,International,train
25796,International,val
25797,International,train
25802,International,test
25804,International,test
26007,Hip-Hop,train
26008,Hip-Hop,test
26010,Hip-Hop,train
26011,Hip-Hop,val
26012,Hip-Hop,train
26013,Hip-Hop,train
26014,Hip-Hop,train
26016,Hip-Hop,train
26017,Hip-Hop,train
26020,Hip-Hop,test
26021,Hip-Hop,train
26022,Hip-Hop,val
26025,Hip-Hop,train
26026,Hip-Hop,train
26034,Hip-Hop,train
26035,Hip-Hop,train
26036,Hip-Hop,train
26169,Pop,train
26174,Pop,train
26298,Pop,train
26301,Experimental,train
26302,Folk,train
26307,Experimental,test
26322,Experimental,train
26464,Folk,train
26465,Folk,test
26466,Folk,train
26583,Experimental,train
26600,Experimental,train
26605,Experimental,test
26629,Electronic,train
26638,Rock,train
26639,Rock,val
26640,Rock,train
26641,Rock,train
26642,Rock,train
26643,Rock,train
26651,Electronic,train
26652,Electronic,val
26653,Electronic,train
26654,Electronic,train
26655,Electronic,train
26656,Electronic,train
26657,Electronic,train
26658,Electronic,test
26659,Electronic,train
26674,Rock,train
26681,Rock,test
26754,Pop,test
26765,Pop,train
26859,Electronic,train
26861,Electronic,train
26902,Electronic,test
26904,Electronic,train
26905,Electronic,val
26906,Electronic,train
27164,Pop,train
27177,Electronic,train
27194,International,val
27195,International,train
27197,International,test
27198,International,val
27258,Folk,val
27406,Electronic,train
27454,Experimental,train
27455,Experimental,test
27456,Experimental,val
27547,Pop,val
27548,Pop,test
27549,Pop,train
27550,Pop,test
27551,Pop,train
27552,Pop,train
27609,International,train
27610,International,val
27611,International,train
27612,International,train
27613,International,train
27667,Electronic,train
27673,Electronic,train
27797,Pop,train
27798,Electronic,train
27799,Hip-Hop,train
27802,Pop,train
27803,Experimental,val
27804,Folk,train
27805,Pop,train
27855,Folk,val
27856,Folk,train
27866,Experimental,train
27945,Experimental,train
27953,International,train
27975,International,val
27978,International,train
27981,International,val
27987,International,test
28070,Rock,train
28072,Rock,train
28179,Electronic,val
28241,Experimental,test
28260,Rock,test
28266,Rock,val
28274,Rock,train
28375,Experimental,train
28376,Experimental,train
28477,Pop,train
28478,Pop,val
28479,Pop,train
28480,Pop,train
28481,Pop,train
28482,Pop,train
28483,Pop,train
28484,Pop,train
28485,Pop,train
28546,Electronic,train
28548,Electronic,train
28553,Electronic,train
28571,Experimental,train
28608,Pop,train
28692,Rock,train
28802,Pop,train
29037,Electronic,train
29039,Electronic,train
29040,Electronic,train
29041,Electronic,train
29042,Electronic,train
29043,Electronic,val
29044,Electronic,train
29045,Pop,train
29128,Pop,test
29180,Pop,val
29243,Pop,train
29245,Pop,train
29255,Pop,train
29271,Pop,train
29272,Experimental,train
29350,International,test
29351,International,val
29355,International,train
29465,Experimental,train
29480,Folk,train
29526,Electronic,train
29528,Electronic,train
29530,Electronic,train
29587,Hip-Hop,train
29602,Hip-Hop,train
29673,Electronic,val
29718,Hip-Hop,test
29719,Hip-Hop,val
29720,Hip-Hop,train
29721,Hip-Hop,val
29738,Experimental,train
29739,Experimental,train
29740,Experimental,test
29741,Experimental,test
29742,Experimental,train
29744,Experimental,val
29745,Experimental,train
29746,Experimental,val
29747,Experimental,test
29750,Experimental,train
29752,Experimental,train
29807,Rock,train
29813,Rock,test
29816,Electronic,train
29961,Hip-Hop,train
29971,Folk,train
30041,Hip-Hop,val
30043,Hip-Hop,test
30050,Hip-Hop,train
30056,Hip-Hop,train
30058,Hip-Hop,train
30059,Hip-Hop,train
30090,Experimental,val
30095,Experimental,train
30120,Experimental,train
30196,Instrumental,val
30198,Experimental,test
30230,Hip-Hop,train
30316,Experimental,train
30486,Pop,val
30487,Pop,train
30488,Pop,train
30519,Electronic,val
30520,Electronic,train
30521,Electronic,train
30522,Electronic,train
30636,Experimental,train
30682,Experimental,train
30690,Experimental,test
30702,Experimental,train
30740,Experimental,train
30895,Electronic,val
31040,Electronic,train
31041,Electronic,train
31042,Electronic,train
31043,Electronic,val
31044,Electronic,train
31165,International,train
31356,Folk,train
31389,Folk,train
31390,Folk,train
31391,Folk,train
31392,Folk,train
31568,Electronic,train
31807,Folk,train
31887,International,train
31888,International,train
31889,International,train
31999,Rock,val
32001,Rock,train
32021,Rock,train
32075,Rock,val
32081,Rock,train
32218,Electronic,test
32325,Pop,val
32326,Pop,train
32327,Pop,train
32328,Pop,train
32329,Pop,train
32330,Pop,val
32331,Pop,train
32332,Pop,test
32333,Pop,val
32334,Pop,train
32335,Pop,train
32336,Pop,train
32337,Pop,train
32338,Pop,train
32339,Pop,val
32340,Pop,test
32433,Electronic,val
32435,Electronic,train
32437,Electronic,train
32438,Electronic,test
32439,Electronic,train
32525,Pop,train
32686,Hip-Hop,train
32687,Hip-Hop,train
32689,Hip-Hop,train
32693,Hip-Hop,train
32694,Hip-Hop,train
32695,Hip-Hop,test
32755,Hip-Hop,val
32756,Folk,val
32759,Pop,test
32760,Pop,train
32800,Folk,val
32882,Hip-Hop,train
33020,Rock,test
33049,Folk,val
33050,Folk,train
33064,Electronic,train
33067,International,train
33068,International,train
33069,International,test
33070,International,train
33071,International,train
33072,International,train
33123,Electronic,val
33124,Electronic,test
33203,Electronic,train
33216,Electronic,train
33221,Electronic,train
33278,Experimental,test
33415,International,train
33422,International,train
33424,International,train
33426,International,train
33446,Folk,val
33459,Rock,val
33460,Rock,train
33461,Rock,val
33465,Rock,train
33477,Experimental,train
33486,Experimental,val
33538,Rock,train
33992,Rock,train
34003,Experimental,test
34147,Folk,val
34167,Hip-Hop,train
34257,Experimental,val
34258,Experimental,val
34263,Experimental,train
34484,Folk,train
34510,Experimental,test
34511,Pop,train
34994,Experimental,train
34996,Experimental,train
35007,Experimental,train
35008,Experimental,train
35182,Pop,train
35184,Pop,val
35198,Experimental,train
35199,Experimental,train
35204,Experimental,train
35296,Electronic,train
35299,Electronic,train
35443,Folk,test
35444,Experimental,train
35462,Experimental,train
35527,Rock,val
35534,Rock,train
35535,Rock,train
35537,Rock,train
35539,Rock,train
35541,Rock,test
35543,Rock,train
35544,Pop,val
35545,Pop,val
35549,Pop,val
35550,Pop,val
35569,Electronic,test
35571,Rock,test
35608,Pop,train
35734,Folk,train
36096,Electronic,train
36097,Electronic,train
36099,Electronic,train
36143,Electronic,train
36144,Electronic,train
36145,Electronic,train
36146,Electronic,train
36147,Electronic,train
36245,Electronic,val
36257,Electronic,test
36258,Electronic,val
36261,Electronic,train
36272,International,val
36273,International,test
36275,International,train
36277,International,train
36302,Hip-Hop,train
36304,Hip-Hop,train
36322,Folk,train
36333,Folk,val
36371,Pop,train
36380,Electronic,train
36388,Pop,train
36428,Electronic,train
36435,Electronic,train
36481,Rock,test
36526,Rock,train
36560,Pop,train
36567,Experimental,train
36614,Pop,train
36615,Pop,train
36616,Pop,val
36618,Pop,train
36643,Pop,train
36659,Electronic,val
36799,Experimental,train
36959,Pop,train
36961,Pop,test
36965,Pop,train
36966,Pop,train
36983,Hip-Hop,val
36984,Hip-Hop,train
36985,Hip-Hop,train
36986,Hip-Hop,train
36987,Hip-Hop,train
36988,Hip-Hop,val
36990,Hip-Hop,train
36992,Hip-Hop,val
36994,Hip-Hop,train
36997,Hip-Hop,train
36998,Electronic,val
36999,International,train
37041,Experimental,val
37111,Instrumental,train
37113,Instrumental,train
37119,Instrumental,train
37121,Experimental,train
37131,Electronic,val
37136,Pop,test
37141,Instrumental,train
37147,Rock,train
37324,Pop,test
37325,Pop,train
37368,Pop,train
37369,Pop,val
37416,Hip-Hop,train
37417,Hip-Hop,test
37423,Hip-Hop,train
37538,Experimental,test
37592,Rock,train
37725,Rock,train
37727,Rock,train
37730,Rock,train
37731,Rock,val
37779,Experimental,train
37781,Experimental,val
37784,Experimental,train
37859,Rock,val
37911,Instrumental,train
37920,Electronic,train
38312,Experimental,train
38321,International,train
38323,International,train
38326,International,train
38351,International,train
38352,International,val
38353,International,train
38354,International,val
38361,Folk,train
38362,Folk,train
38363,Folk,train
38365,International,train
38399,Folk,train
38435,Rock,train
38450,Experimental,train
38522,Rock,train
38557,Rock,val
38560,International,test
38775,International,train
38776,International,val
38777,International,val
38778,International,val
38779,International,val
38780,International,train
38781,International,train
38782,International,val
38783,International,train
38784,International,train
38785,International,val
38817,International,train
38818,International,train
38819,International,train
38820,International,train
38821,International,train
38822,International,train
38823,International,val
38824,International,val
38825,International,train
38826,International,train
38827,International,train
38828,International,train
38829,International,train
38830,International,train
38833,International,train
38834,International,train
38847,Experimental,test
38859,Experimental,train
38878,Electronic,train
38879,Experimental,train
38880,Experimental,train
38881,Experimental,train
38882,Experimental,train
38884,Experimental,train
38886,Experimental,train
38887,Experimental,val
38888,Experimental,train
38890,Experimental,train
38891,Experimental,train
38892,Experimental,train
38893,Experimental,test
38894,Experimental,val
38895,Experimental,train
38896,Experimental,val
38898,Experimental,train
38899,Experimental,train
38900,Experimental,train
38901,Experimental,val
38902,Experimental,train
38904,Experimental,train
38905,Experimental,val
38906,Experimental,train
38907,Experimental,train
38908,Experimental,test
38910,Experimental,test
38911,Experimental,train
38912,Experimental,val
38914,Experimental,train
38955,Pop,train
38961,Pop,train
38964,Experimental,train
38965,Experimental,train
38966,Experimental,train
38967,Experimental,test
39188,Experimental,train
39259,Experimental,train
39278,Experimental,test
39291,Electronic,train
39298,Rock,train
39316,Experimental,train
39317,Experimental,train
39318,Experimental,train
39357,International,test
39359,Rock,train
39378,Experimental,train
39484,Experimental,val
39488,Folk,train
39530,Pop,train
39605,Electronic,val
39607,Electronic,train
39658,Pop,val
39659,Pop,test
39660,Pop,train
39661,Pop,train
39662,Pop,val
39663,Pop,train
39664,Pop,val
39665,Pop,train
39666,Pop,train
39667,Pop,val
39875,Experimental,train
39900,Experimental,train
39904,Experimental,train
40121,Experimental,train
40122,Experimental,train
40123,Experimental,train
40133,Rock,val
40134,Rock,train
40139,Rock,train
40141,Rock,train
40147,Experimental,train
40161,Experimental,train
40180,Experimental,train
40182,Experimental,val
40229,Folk,train
40230,Folk,train
40231,Folk,train
40232,Folk,train
40233,Folk,train
40234,Folk,train
40235,Folk,train
40236,Folk,train
40237,Folk,train
40238,Folk,test
40239,Folk,test
40240,Folk,train
40241,Folk,train
40242,Folk,train
40243,Folk,train
40244,Folk,train
40245,Folk,train
40250,Instrumental,val
40509,Experimental,train
40525,Hip-Hop,train
40541,Hip-Hop,val
40542,Hip-Hop,val
40598,Experimental,train
40654,Instrumental,val
40655,Instrumental,val
40656,Instrumental,val
40657,Instrumental,train
40658,Instrumental,train
40659,Instrumental,val
40660,Instrumental,train
40683,Electronic,train
40725,Electronic,train
40842,Electronic,test
40843,Electronic,train
40844,Electronic,train
40845,Electronic,train
40851,Electronic,train
40903,Rock,val
40908,Experimental,train
40909,Experimental,train
40938,Rock,train
40940,Rock,test
40984,Rock,train
40985,Rock,val
40986,Rock,test
41018,International,train
41019,International,train
41020,International,train
41054,Experimental,train
41095,Rock,train
41147,Electronic,val
41191,Folk,train
41192,Folk,train
41310,Folk,test
41381,Pop,train
41568,Pop,val
41570,Folk,train
41573,Instrumental,train
41605,Experimental,train
41709,Experimental,val
41714,Experimental,train
41812,Rock,train
41819,Pop,train
41820,Pop,val
41825,Pop,train
41961,Rock,train
41962,Rock,train
41965,Rock,val
41971,Instrumental,test
41983,Instrumental,train
42014,International,train
42016,International,train
42017,International,test
42018,Electronic,train
42019,Electronic,train
42020,International,train
42023,International,train
42025,International,train
42029,International,train
42030,International,train
42031,International,test
42040,Hip-Hop,train
42044,Rock,train
42045,Hip-Hop,train
42046,Hip-Hop,train
42048,Pop,train
42119,Experimental,train
42126,Experimental,val
42129,Experimental,train
42135,Experimental,train
42138,Experimental,train
42139,Experimental,train
42141,Experimental,train
42146,Experimental,val
42234,International,test
42235,International,val
42236,International,train
42238,International,train
42240,International,train
42241,International,train
42243,International,test
42245,International,train
42247,International,train
42310,Rock,val
42372,Electronic,val
42373,Electronic,test
42374,Electronic,train
42375,Electronic,train
42376,Electronic,train
42377,Electronic,train
42442,Rock,val
42463,Folk,train
42475,Rock,train
42648,Folk,val
42659,Folk,train
42751,Pop,train
42761,Rock,train
42789,Rock,train
42844,Rock,train
42851,Rock,val
42911,Pop,train
42914,Pop,val
42915,Pop,train
42966,Experimental,train
42984,Experimental,train
43016,International,train
43018,International,train
43019,International,train
43020,International,train
43021,International,train
43022,International,train
43023,International,train
43024,International,train
43025,International,train
43026,International,test
43027,International,val
43028,International,train
43029,International,train
43030,International,train
43063,Experimental,train
43172,International,train
43173,International,train
43516,International,train
43517,International,train
43518,International,train
43519,International,test
43520,International,val
43521,International,train
43533,International,val
43534,International,train
43535,International,train
43536,International,val
43585,International,train
43586,International,test
43587,International,train
43588,International,train
43589,International,train
43590,International,val
43592,International,val
43593,International,train
43594,International,train
43595,International,train
43596,International,train
43598,International,val
43599,International,train
43600,International,train
43608,Experimental,train
43621,Folk,train
43623,Folk,train
43691,Experimental,train
43695,International,val
43696,International,train
43697,International,test
43698,International,train
43699,International,train
43761,Folk,train
43765,International,train
43766,International,test
43767,International,train
43768,International,test
43773,Pop,train
43796,Folk,train
43842,Folk,train
43843,Folk,train
43844,Hip-Hop,train
43856,Hip-Hop,train
43857,Hip-Hop,train
43858,Hip-Hop,test
43859,Hip-Hop,val
43860,Hip-Hop,val
43861,Hip-Hop,train
43863,Hip-Hop,val
43865,Hip-Hop,train
43866,Hip-Hop,train
43867,Hip-Hop,train
43868,Hip-Hop,test
43869,Hip-Hop,val
43883,Experimental,train
43886,Experimental,train
43899,Hip-Hop,train
43911,Hip-Hop,train
43962,Folk,train
43965,Folk,val
44092,Electronic,train
44110,Experimental,train
44169,Experimental,train
44236,Hip-Hop,train
44342,Experimental,train
44347,Experimental,train
44354,Experimental,train
44355,Experimental,val
44777,Folk,train
44778,Experimental,train
44779,Experimental,val
44780,Experimental,test
44781,Experimental,train
44782,Experimental,val
44791,Experimental,test
44792,Experimental,train
44793,Experimental,val
44794,Experimental,val
44795,Experimental,train
44796,Experimental,train
44797,Experimental,test
44798,Experimental,test
44799,Experimental,val
44800,Experimental,train
44801,Experimental,train
44802,Experimental,train
44803,Experimental,train
44804,Experimental,val
44805,Pop,val
44806,Pop,train
44809,Pop,train
44820,International,train
44821,International,train
44822,International,train
44823,International,train
44848,Experimental,train
44849,Experimental,train
44850,Experimental,val
44851,Experimental,train
44853,Experimental,train
44854,Experimental,train
44917,Rock,train
44918,Rock,train
44946,International,val
44947,International,train
44948,International,train
44949,International,train
44950,International,test
44951,International,val
44952,International,train
45055,Rock,train
45099,Electronic,train
45100,Electronic,train
45101,Electronic,train
45102,Electronic,val
45103,Electronic,train
45119,Pop,train
45122,Pop,train
45125,Pop,train
45126,Pop,train
45127,Pop,train
45128,Pop,train
45149,Electronic,train
45150,Electronic,val
45151,Electronic,val
45152,Electronic,test
45153,Electronic,train
45154,Electronic,train
45335,Pop,train
45387,Instrumental,train
45388,Instrumental,train
45389,Instrumental,train
45390,Instrumental,train
45391,Instrumental,train
45392,Instrumental,train
45393,Instrumental,train
45474,Rock,val
45475,Rock,train
45508,Electronic,train
45513,Folk,train
45514,Folk,train
45515,Folk,val
45516,Folk,train
45517,Folk,train
45518,Folk,train
45519,Folk,train
45520,Folk,train
45521,Folk,train
45522,Folk,train
45523,Folk,train
45934,Experimental,val
45941,Experimental,train
46024,Rock,train
46043,Experimental,train
46058,Experimental,train
46068,Experimental,test
46078,Hip-Hop,train
46079,Experimental,train
46157,Electronic,train
46158,Electronic,val
46159,Electronic,train
46160,Electronic,train
46161,Experimental,train
46162,Experimental,train
46238,Experimental,train
46241,Experimental,val
46525,Instrumental,train
46611,Experimental,val
46711,Experimental,val
46717,Experimental,test
46718,Experimental,train
46720,Experimental,train
46726,Hip-Hop,test
46732,Pop,train
46733,Pop,test
46736,Pop,val
46839,Pop,train
46840,Pop,val
46841,Pop,train
46842,Pop,train
46844,Pop,train
46846,Pop,train
46854,Pop,train
46855,Pop,train
46928,Pop,test
46930,Pop,train
47032,Rock,train
47068,Electronic,train
47069,Electronic,val
47070,Electronic,train
47071,Electronic,train
47072,Electronic,train
47073,Electronic,train
47074,Electronic,train
47075,Electronic,train
47076,Electronic,train
47077,Electronic,train
47100,Pop,val
47192,Experimental,test
47193,Experimental,train
47194,Experimental,train
47195,Experimental,val
47196,Experimental,val
47197,Experimental,test
47198,Experimental,train
47199,Experimental,train
47200,Experimental,train
47201,Experimental,train
47202,Experimental,val
47260,Electronic,train
47471,Rock,train
47506,Folk,test
47510,Rock,val
47526,Rock,val
47628,Folk,val
47657,Electronic,train
47658,Electronic,train
47659,Electronic,train
47660,Electronic,test
47661,Folk,train
47662,Folk,val
47663,Folk,train
47665,Pop,train
47666,Pop,test
47670,Pop,train
47671,Pop,val
47707,Experimental,train
47826,Experimental,train
47835,Pop,val
47865,Folk,train
47868,Folk,val
47894,Pop,train
47895,Pop,train
47896,Pop,test
47897,Pop,train
47916,Rock,train
47921,Rock,train
48015,Rock,train
48042,Experimental,train
48043,Experimental,train
48044,Experimental,train
48046,Experimental,train
48269,Experimental,train
48293,Electronic,train
48307,Experimental,test
48317,Experimental,train
48367,Rock,train
48368,Rock,train
48369,Rock,train
48437,Electronic,train
48439,Electronic,val
48440,Electronic,val
48442,Electronic,train
48443,Electronic,val
48444,Pop,val
48446,Pop,train
48450,Pop,test
48452,Pop,test
48453,Pop,test
48454,Pop,train
48456,Pop,val
48457,Pop,train
48462,Electronic,train
48463,Electronic,val
48464,Electronic,train
48465,Electronic,train
48466,Electronic,train
48488,International,train
48489,International,train
48491,International,val
48492,International,train
48493,International,train
48494,International,val
48763,Rock,train
48808,Folk,train
48815,Folk,val
48861,Experimental,train
48862,Experimental,train
48863,Experimental,test
48864,Experimental,val
48865,Experimental,train
48931,Experimental,test
48990,Rock,train
48999,Rock,train
49029,Folk,train
49030,Folk,train
49039,Pop,test
49061,Experimental,train
49062,Experimental,train
49064,Experimental,train
49066,Experimental,train
49067,Experimental,train
49068,Experimental,train
49070,Experimental,val
49071,Experimental,train
49072,Experimental,train
49073,Experimental,train
49394,Experimental,val
49401,Experimental,val
49407,Experimental,train
49408,Experimental,test
49441,Rock,train
49473,Pop,val
49476,Hip-Hop,train
49477,Pop,val
49478,Hip-Hop,train
49479,Hip-Hop,train
49812,Rock,val
49817,Rock,train
49842,Folk,test
49843,Folk,train
49844,Folk,train
49845,Folk,train
49846,Folk,test
49847,Folk,train
49848,Folk,val
49849,Folk,val
49856,Folk,train
49857,Folk,train
50264,Hip-Hop,train
50272,Pop,test
50276,Folk,train
50283,International,train
50323,Folk,val
50444,Rock,train
50445,Rock,val
50446,Rock,train
50447,Rock,train
50448,Rock,train
50449,Rock,val
50539,Rock,train
50543,Rock,train
50752,Rock,train
50753,Rock,train
50754,Rock,val
50836,Experimental,train
50952,Folk,train
50955,Instrumental,train
50956,Instrumental,val
51004,International,train
51005,International,train
51006,International,test
51111,Experimental,train
51112,Experimental,train
51113,Experimental,train
51114,Experimental,train
51115,Experimental,train
51117,Experimental,train
51118,Experimental,val
51120,Pop,train
51157,Experimental,train
51158,Experimental,train
51203,Experimental,train
51260,Pop,val
51261,Pop,train
51262,Pop,train
51263,Pop,train
51265,Pop,train
51267,Pop,test
51268,Pop,train
51269,Pop,train
51271,Pop,train
51272,Pop,train
51273,Pop,train
51274,Pop,train
51275,Pop,train
51276,Pop,val
51278,Pop,test
51291,Pop,train
51292,Pop,train
51301,Experimental,train
51305,Experimental,val
51333,Folk,val
51479,Experimental,train
51655,Folk,train
51659,Folk,train
51661,Folk,val
51776,Instrumental,train
51784,Electronic,train
51785,Electronic,train
51918,Folk,test
51919,Folk,val
51923,Electronic,val
51954,Electronic,train
51991,International,val
51992,International,train
51998,International,val
51999,International,train
52000,International,train
52001,International,val
52034,Pop,train
52035,Pop,train
52036,Pop,train
52037,Pop,train
52039,Pop,test
52040,Pop,train
52041,Pop,train
52042,Pop,train
52044,Pop,train
52045,Pop,test
52118,International,train
52119,International,train
52120,International,train
52121,International,train
52122,International,train
52123,International,val
52124,International,train
52125,International,train
52126,International,train
52127,International,train
52128,International,train
52129,International,train
52141,Experimental,test
52375,Pop,test
52380,Pop,val
52389,Pop,train
52393,Pop,train
52409,Electronic,train
52446,Instrumental,train
52447,Instrumental,train
52448,Instrumental,train
52449,Instrumental,train
52451,Instrumental,train
52452,Instrumental,val
52500,Folk,test
52501,Folk,train
52502,Folk,val
52508,Folk,train
52522,Rock,train
52579,Hip-Hop,train
52628,Electronic,val
52629,Electronic,test
52630,Electronic,test
52631,Electronic,train
52632,Electronic,train
52633,Electronic,val
52634,Electronic,val
52635,Electronic,train
52636,Electronic,train
52637,Electronic,train
52638,Electronic,train
52639,Electronic,train
52641,Electronic,train
52642,Electronic,train
52644,Electronic,val
52645,Electronic,train
52646,Electronic,val
52647,Electronic,val
52648,Electronic,train
52649,Electronic,val
52650,Electronic,train
52859,Experimental,val
52860,Experimental,val
52861,Experimental,train
52862,Experimental,train
52945,Folk,train
52946,Folk,test
52947,Folk,val
52948,Folk,train
52950,Folk,train
52951,Folk,train
52953,Folk,train
52954,Folk,train
52955,Folk,train
53152,International,val
53154,International,train
53156,International,train
53157,International,train
53158,International,train
53159,International,train
53160,International,test
53228,Pop,train
53229,Pop,train
53299,International,train
53300,International,train
53301,International,train
53302,International,train
53379,Hip-Hop,val
53381,Hip-Hop,train
53457,Electronic,train
53496,Electronic,train
53576,Folk,train
53578,Folk,test
53586,Folk,train
53587,Folk,train
53588,Folk,train
53589,Folk,test
53591,Pop,train
53592,Pop,train
53675,Experimental,train
53723,International,train
53724,International,train
53725,International,train
53726,International,test
53727,International,train
53728,International,test
53729,Experimental,train
53807,Rock,train
53862,Electronic,train
53863,Electronic,val
53937,Pop,val
54019,Experimental,train
54031,Pop,train
54032,Pop,train
54033,Pop,train
54034,Pop,val
54037,Pop,train
54039,Pop,train
54061,Folk,train
54062,Folk,val
54063,Folk,train
54064,Folk,val
54149,Instrumental,train
54150,Instrumental,train
54151,Instrumental,train
54152,Instrumental,train
54153,Instrumental,train
54154,Instrumental,train
54155,Instrumental,train
54156,Instrumental,val
54158,Instrumental,val
54159,Instrumental,train
54160,Instrumental,val
54163,Rock,train
54234,Pop,val
54235,Pop,train
54236,Pop,train
54237,Pop,train
54297,Folk,train
54335,Electronic,train
54365,Hip-Hop,train
54376,Hip-Hop,train
54433,International,train
54436,International,val
54437,International,train
54438,International,train
54442,International,train
54443,International,val
54463,International,train
54464,International,train
54465,International,train
54466,International,train
54467,International,train
54468,International,train
54469,International,train
54470,International,train
54475,International,train
54476,International,test
54479,International,val
54480,International,train
54481,International,train
54482,International,train
54496,Experimental,val
54554,Experimental,train
54568,International,train
54570,International,test
54576,International,train
54578,International,val
54580,International,val
54621,Rock,train
54623,Rock,train
54624,Rock,train
54625,Rock,train
54626,Rock,test
54662,Electronic,train
54664,Pop,val
54665,Pop,train
54666,Pop,train
54667,Pop,train
54703,Folk,train
54719,Electronic,train
54735,Rock,test
54753,Hip-Hop,train
54874,Electronic,train
54942,Rock,train
55076,Pop,val
55097,Hip-Hop,train
55100,Hip-Hop,train
55101,Hip-Hop,train
55102,Hip-Hop,train
55113,Hip-Hop,val
55119,Hip-Hop,val
55120,Hip-Hop,train
55121,Hip-Hop,train
55122,Hip-Hop,val
55123,Hip-Hop,train
55124,Hip-Hop,train
55149,Electronic,train
55183,Electronic,test
55186,Electronic,train
55231,International,train
55232,International,train
55233,International,train
55234,International,val
55235,International,train
55236,International,test
55237,International,train
55238,International,train
55240,International,train
55241,International,train
55242,International,train
55285,Pop,train
55286,Pop,val
55287,Pop,train
55288,Pop,train
55289,Pop,train
55290,Pop,val
55291,Pop,train
55292,Pop,train
55293,Pop,train
55294,Pop,train
55295,Pop,train
55402,Rock,train
55430,Pop,train
55436,Pop,train
55437,Pop,train
55480,Experimental,train
55481,Experimental,train
55549,Hip-Hop,train
55572,Hip-Hop,val
55709,Rock,train
55710,Rock,train
55711,Rock,train
55712,Rock,train
55713,Rock,test
55714,Rock,train
55715,Rock,train
55716,Rock,train
55717,Rock,train
55718,Rock,train
55719,Rock,train
55782,Electronic,test
55783,Electronic,test
55786,Electronic,train
55807,Electronic,train
55808,Electronic,train
55809,Electronic,train
55810,Electronic,train
55811,Electronic,train
55826,International,train
55827,International,train
55828,International,train
55830,International,train
55831,International,train
55832,International,train
55833,International,test
55900,Hip-Hop,train
56010,Experimental,train
56015,Experimental,val
56020,Experimental,train
56028,Electronic,val
56029,Electronic,val
56030,International,train
56031,Experimental,train
56033,Experimental,train
56034,Electronic,test
56036,Electronic,val
56247,Pop,train
56248,Pop,train
56249,Pop,train
56273,Pop,train
56274,Pop,train
56275,Pop,val
56460,Pop,train
56465,International,val
56466,International,train
56467,International,train
56468,International,train
56469,International,val
56470,International,train
56471,International,val
56472,International,val
56474,International,train
56493,Hip-Hop,train
56495,Hip-Hop,train
56496,Hip-Hop,val
56497,Hip-Hop,val
56498,Hip-Hop,train
56499,Hip-Hop,train
56516,Folk,val
56517,Folk,train
56518,Folk,train
56519,Folk,val
56520,Folk,train
56521,Folk,val
56523,Electronic,train
56552,Rock,train
56559,Rock,train
56639,Hip-Hop,train
56640,Hip-Hop,train
56641,Hip-Hop,val
56645,Rock,train
56646,Rock,train
56648,Rock,test
56649,Rock,val
56650,Rock,val
56651,Rock,test
56686,International,train
56687,International,train
56688,International,train
56689,International,train
56690,International,train
56691,International,val
56692,International,train
56693,International,train
56694,International,train
56695,International,val
56696,International,val
56795,Electronic,train
56796,Electronic,val
56797,Electronic,train
56798,Electronic,train
56799,Electronic,train
56800,Electronic,train
56801,Electronic,test
56802,Electronic,val
56803,Electronic,train
56804,Electronic,train
56805,Electronic,train
56874,Electronic,train
56888,Experimental,train
56895,Pop,train
56929,Rock,train
57078,Pop,train
57164,Folk,train
57175,Folk,train
57176,Folk,train
57177,Folk,train
57178,Pop,train
57179,Pop,train
57180,Pop,train
57271,Experimental,test
57272,Experimental,train
57273,Experimental,train
57274,Experimental,train
57344,Experimental,train
57360,Experimental,train
57371,Instrumental,train
57417,Electronic,train
57418,Instrumental,train
57435,Pop,test
57437,Pop,train
57439,Pop,val
57440,Experimental,val
57442,Experimental,train
57500,Rock,val
57540,Electronic,test
57569,Rock,test
57626,Experimental,train
57627,Experimental,test
57628,Experimental,train
57629,Experimental,test
57630,Experimental,train
57639,Folk,val
57640,Folk,train
57648,Folk,val
57658,Rock,train
57661,Rock,val
57662,Rock,val
57663,Rock,train
57665,International,val
57691,International,test
57697,International,train
57819,Hip-Hop,train
57820,Hip-Hop,train
57821,Hip-Hop,val
57822,Hip-Hop,test
57823,Hip-Hop,val
57891,Rock,test
57892,Rock,train
57936,Experimental,train
57937,Experimental,test
57938,Experimental,test
57939,Experimental,train
57943,Experimental,train
57968,Rock,val
58052,Experimental,train
58053,Experimental,train
58054,Experimental,train
58060,Experimental,train
58061,Experimental,val
58063,Experimental,val
58068,Experimental,test
58070,Experimental,train
58115,Pop,val
58116,Pop,test
58117,Pop,train
58135,Folk,val
58140,Folk,val
58161,Pop,train
58162,Pop,train
58164,Pop,train
58166,Pop,val
58169,Pop,train
58170,Pop,test
58173,Pop,val
58174,Pop,train
58207,Hip-Hop,train
58212,Hip-Hop,test
58213,Hip-Hop,val
58215,Hip-Hop,train
58221,Rock,train
58225,Rock,train
58333,Rock,train
58334,Rock,test
58341,Electronic,train
58474,Pop,val
58539,Rock,train
58540,Rock,test
58541,Rock,train
58542,Rock,val
58543,Rock,train
59078,Rock,train
59373,Rock,train
59374,Rock,train
59443,Pop,train
59445,Pop,train
59446,Pop,train
59448,Pop,train
59449,Pop,train
59451,Pop,train
59454,Pop,test
59561,Rock,train
59562,Rock,val
59581,International,val
59653,International,train
59654,International,train
59656,International,train
59657,International,val
59658,International,train
59659,International,train
59660,International,val
59663,International,val
59664,International,train
59666,International,val
59667,International,train
59669,International,train
59671,International,val
59673,International,train
59675,International,train
59676,International,train
59677,International,train
59678,International,train
59679,International,train
59680,International,train
59681,International,val
59682,International,train
59683,International,train
59684,International,train
59685,International,train
59686,International,val
59687,International,train
59688,International,train
59695,International,val
59702,International,train
59706,International,train
59707,International,train
59708,International,val
59709,International,train
59710,International,val
59711,International,train
59718,International,train
59719,International,train
59720,International,train
59721,International,val
59723,International,train
59724,International,val
59725,International,train
59726,International,train
59727,International,train
59823,Experimental,val
59876,Rock,val
59930,Experimental,train
60037,International,train
60038,International,train
60041,International,test
60042,International,train
60045,International,test
60048,International,train
60074,Experimental,val
60143,International,train
60144,International,train
60145,International,test
60146,International,train
60170,Folk,train
60317,Experimental,train
60331,Experimental,train
60472,Hip-Hop,val
60474,Hip-Hop,test
60476,Hip-Hop,test
60477,Hip-Hop,train
60478,Hip-Hop,test
60510,Hip-Hop,train
60533,International,train
60534,International,train
60535,International,train
60536,International,train
60537,International,train
60544,International,test
60547,International,train
60548,International,train
60549,International,train
60736,Rock,train
60753,International,train
60754,International,train
60755,International,val
60756,International,train
60757,International,train
60758,International,train
60775,International,train
60776,International,train
60777,International,train
60857,International,val
60864,International,train
60865,International,train
60871,International,test
60872,International,test
60873,International,train
60874,International,test
60875,International,train
60994,Experimental,train
61006,Folk,train
61007,Folk,train
61008,Folk,train
61010,Folk,val
61011,Folk,val
61012,Folk,val
61013,Folk,train
61159,Hip-Hop,test
61160,Hip-Hop,train
61161,Hip-Hop,val
61172,Hip-Hop,val
61174,Hip-Hop,train
61175,Hip-Hop,val
61452,Hip-Hop,train
61453,Hip-Hop,train
61491,Rock,train
61492,Rock,train
61493,Rock,train
61587,Pop,val
61589,Pop,val
61591,Pop,train
61592,Pop,train
61668,Hip-Hop,val
61670,Pop,val
61679,Pop,train
61734,Pop,val
61736,Pop,train
61742,Pop,train
61814,Rock,train
61820,Rock,train
61821,Rock,train
61884,Hip-Hop,train
62001,Hip-Hop,train
62003,Instrumental,train
62005,Instrumental,train
62007,Instrumental,test
62163,Pop,train
62164,Pop,train
62165,Pop,train
62180,Instrumental,val
62183,International,train
62184,International,train
62185,International,train
62186,International,train
62187,International,train
62188,International,train
62189,International,train
62190,International,train
62191,International,train
62192,International,train
62193,International,train
62194,International,train
62195,International,val
62196,International,train
62337,Rock,val
62426,Folk,train
62436,Pop,train
62445,Rock,val
62446,Pop,val
62448,Pop,test
62449,Pop,train
62450,Pop,train
62452,Pop,train
62458,Rock,train
62525,International,train
62526,International,test
62527,International,train
62528,International,test
62529,International,train
62531,International,train
62532,International,train
62533,International,train
62534,International,train
62586,Rock,val
62589,International,train
62591,International,val
62592,International,train
62594,International,train
62595,International,train
62596,International,train
62655,Rock,train
62671,Electronic,train
62742,Pop,train
62748,Pop,train
62749,Pop,train
62750,Pop,train
62751,Pop,train
62753,Pop,train
63043,Rock,train
63044,Rock,train
63045,Rock,test
63064,Electronic,train
63065,Electronic,train
63117,Rock,train
63149,Experimental,train
63159,Experimental,val
63161,Experimental,train
63191,Rock,train
63208,Folk,train
63224,Pop,train
63226,Pop,train
63250,Folk,train
63251,Folk,train
63252,Folk,test
63253,Folk,train
63255,Folk,train
63257,Folk,val
63258,Folk,test
63287,Instrumental,train
63289,Instrumental,test
63290,Instrumental,val
63291,Instrumental,val
63292,Instrumental,train
63456,Folk,train
63457,Folk,val
63470,Rock,train
63471,Rock,train
63472,Rock,train
63626,Experimental,val
63655,Electronic,train
63733,Hip-Hop,train
63747,Hip-Hop,train
63755,Hip-Hop,train
63757,Hip-Hop,train
63770,Hip-Hop,train
63789,Hip-Hop,val
63803,Hip-Hop,train
63804,Hip-Hop,train
63805,Hip-Hop,train
63874,Hip-Hop,test
63900,Hip-Hop,test
63908,Hip-Hop,train
63922,Rock,train
63936,Experimental,train
63999,Pop,train
64005,Pop,train
64006,Pop,test
64007,Pop,train
64008,Pop,train
64009,Pop,train
64035,Rock,train
64078,Experimental,train
64079,Pop,train
64091,Experimental,train
64093,Experimental,test
64247,Experimental,val
64248,Experimental,train
64249,Experimental,train
64252,Experimental,train
64253,Experimental,train
64331,Electronic,train
64332,Electronic,train
64333,Electronic,train
64334,Electronic,val
64338,Hip-Hop,test
64364,Pop,train
64365,Pop,val
64366,Pop,test
64407,International,train
64408,International,train
64409,International,train
64410,International,train
64515,Hip-Hop,train
64516,Hip-Hop,train
64517,Hip-Hop,val
64519,Hip-Hop,train
64520,Hip-Hop,train
64521,Hip-Hop,train
64522,Hip-Hop,train
64523,Hip-Hop,train
64535,Electronic,train
64536,Electronic,test
64537,Electronic,test
64538,Electronic,train
64542,Electronic,train
64553,Folk,val
64556,Folk,train
64567,Rock,train
64590,International,train
64591,International,val
64592,International,val
64593,International,test
64594,Experimental,val
64601,Experimental,train
64604,Experimental,val
64618,Electronic,test
64625,Hip-Hop,val
64626,Hip-Hop,val
64627,Hip-Hop,train
64628,Hip-Hop,train
64629,Hip-Hop,train
64630,Hip-Hop,train
64631,Hip-Hop,train
64659,Rock,train
64787,Pop,val
64788,Pop,val
64789,Pop,train
64796,Pop,val
64809,Folk,val
64834,Pop,train
64840,Pop,train
64841,Pop,train
64854,Experimental,train
64855,Experimental,train
64856,Experimental,train
64857,Experimental,train
64858,Experimental,val
64859,Experimental,train
64860,Experimental,train
64861,Experimental,train
64862,Experimental,val
64863,Experimental,train
64864,Experimental,train
64865,Experimental,train
64866,Experimental,train
64893,Experimental,train
64895,Experimental,val
64896,Experimental,val
64918,Rock,val
64919,Rock,train
64988,Hip-Hop,val
64989,Hip-Hop,train
64990,Hip-Hop,train
64991,Hip-Hop,train
64992,Hip-Hop,val
64993,Hip-Hop,val
64994,Hip-Hop,train
64995,Hip-Hop,val
65037,Electronic,train
65038,Electronic,train
65039,Electronic,test
65040,Electronic,train
65063,Electronic,train
65064,Electronic,val
65073,Electronic,train
65076,International,train
65077,International,train
65090,Experimental,test
65234,Experimental,train
65265,Experimental,test
65488,Electronic,train
65619,Rock,train
65683,Folk,train
65685,Folk,train
65745,Hip-Hop,train
65752,Hip-Hop,train
65755,Pop,train
65756,Pop,val
65777,Electronic,val
65779,Electronic,train
65780,Electronic,train
65893,Folk,train
66058,Folk,train
66073,Electronic,train
66074,Electronic,train
66075,Electronic,train
66076,Electronic,val
66180,Folk,train
66187,Folk,val
66390,Electronic,train
66394,Rock,train
66405,Rock,val
66469,Experimental,train
66482,Experimental,train
66483,Experimental,train
66525,Instrumental,test
66534,Rock,train
66535,Rock,train
66536,Rock,train
66537,Rock,train
66538,Rock,train
66539,Rock,train
66636,Electronic,train
66637,Electronic,train
66638,Electronic,train
66641,Pop,test
66643,Pop,val
66644,Pop,train
66646,Pop,train
66648,Pop,val
66649,Pop,val
66650,Pop,train
66689,Electronic,test
66690,Electronic,train
66717,Rock,train
66757,Instrumental,train
66782,Pop,val
66783,Pop,train
67007,Pop,train
67010,Pop,train
67011,Folk,train
67016,Folk,test
67017,Folk,val
67121,Rock,train
67163,Rock,train
67232,Hip-Hop,train
67233,Hip-Hop,train
67235,Hip-Hop,test
67237,Rock,train
67308,Electronic,val
67330,Pop,val
67331,Pop,train
67332,Pop,val
67333,Pop,train
67334,Pop,train
67336,Pop,val
67357,Pop,val
67358,Pop,val
67359,Pop,val
67360,Pop,test
67361,Pop,val
67362,Pop,train
67363,Pop,train
67364,Pop,train
67365,Pop,train
67366,Pop,test
67367,Pop,train
67368,Pop,val
67412,Rock,train
67457,Experimental,train
67470,Electronic,train
67500,Experimental,train
67553,Electronic,train
67556,Rock,test
67557,Rock,train
67558,Rock,val
67597,Folk,train
67598,Folk,test
67600,Folk,train
67637,Electronic,train
67638,Electronic,train
67639,Electronic,train
67640,Electronic,train
67660,Rock,test
67661,Rock,val
67673,Rock,test
67707,Experimental,train
67760,Pop,train
67763,Folk,train
67764,Folk,test
67765,Folk,train
67766,Folk,train
67784,Hip-Hop,train
67793,Hip-Hop,test
67829,Experimental,val
68353,Pop,train
68354,Pop,train
68355,Pop,train
68356,Pop,val
68404,Rock,train
68407,Experimental,train
68410,Experimental,train
68444,Electronic,train
68531,Hip-Hop,train
68536,Experimental,train
68537,Experimental,train
68538,Experimental,train
68539,Experimental,val
68540,Experimental,val
68541,Experimental,val
68543,Experimental,val
68549,Experimental,train
68551,Experimental,train
68573,Experimental,train
68579,Experimental,train
68582,Electronic,train
68587,Electronic,train
68592,Hip-Hop,train
68600,Hip-Hop,train
68601,Hip-Hop,val
68680,Electronic,train
68682,Electronic,train
68683,Electronic,train
68820,Rock,val
68821,Rock,train
68837,Folk,test
68838,Folk,val
68839,Folk,train
68840,Folk,train
68841,Folk,train
68842,Folk,train
68843,Folk,train
68844,Folk,train
68851,Folk,train
68852,Folk,train
68853,Folk,train
68854,Folk,train
68860,Folk,train
68861,Folk,val
68862,Folk,train
68869,Experimental,train
68872,Experimental,train
68875,Experimental,train
68891,Electronic,val
68892,Electronic,train
68893,Electronic,train
68894,Electronic,train
68895,Electronic,train
68896,Electronic,val
68897,Electronic,train
68898,Electronic,val
68899,Electronic,train
68909,Rock,train
69001,Experimental,train
69002,Experimental,train
69170,Electronic,test
69181,Pop,train
69182,Pop,val
69188,Pop,train
69193,Electronic,train
69194,Electronic,train
69195,Electronic,train
69196,Electronic,train
69197,Electronic,train
69198,Electronic,train
69199,Electronic,train
69200,Electronic,test
69201,Electronic,train
69202,Electronic,train
69203,Electronic,train
69204,Electronic,train
69205,Electronic,test
69206,Electronic,train
69207,Electronic,train
69208,Electronic,train
69209,Electronic,train
69210,Electronic,train
69211,Electronic,train
69221,Electronic,test
69222,Electronic,train
69223,Electronic,test
69303,Experimental,train
69554,Hip-Hop,train
69555,Hip-Hop,train
69561,Hip-Hop,train
69563,Hip-Hop,train
69564,Hip-Hop,val
69567,Folk,val
69682,Experimental,train
69723,Rock,test
69726,Rock,train
69727,Rock,train
69732,Electronic,train
69744,Pop,train
69745,Pop,train
69746,Pop,train
69747,Pop,train
69761,Folk,train
69762,Folk,train
69763,Folk,train
69764,Folk,train
69765,Folk,train
69766,Folk,train
69767,Folk,train
69768,Folk,val
69781,Rock,train
69784,Experimental,train
69785,Experimental,val
69787,Experimental,train
69788,Experimental,train
69789,Experimental,train
69791,Experimental,train
69792,Experimental,train
69793,Experimental,train
69798,Experimental,train
69822,Hip-Hop,train
69823,Hip-Hop,train
69824,Hip-Hop,train
69825,Hip-Hop,train
69826,Hip-Hop,val
69827,Hip-Hop,train
69828,Hip-Hop,train
69830,Hip-Hop,train
69833,Hip-Hop,train
69904,Hip-Hop,val
69947,Rock,train
69949,Rock,train
69985,Electronic,train
70002,Experimental,train
70005,Experimental,test
70174,Experimental,val
70206,Hip-Hop,val
70207,Hip-Hop,train
70208,Hip-Hop,train
70299,Electronic,train
70300,Electronic,val
70301,Electronic,train
70302,Electronic,val
70303,Electronic,train
70402,Rock,train
70403,Rock,train
70409,Rock,val
70423,Pop,train
70424,Pop,train
70425,Pop,train
70426,Pop,train
70654,Hip-Hop,train
70655,Hip-Hop,train
70657,Hip-Hop,train
70660,Hip-Hop,train
70768,Hip-Hop,train
70770,Hip-Hop,train
70772,Hip-Hop,train
70773,Hip-Hop,val
70774,Hip-Hop,train
70775,Hip-Hop,val
70813,Rock,train
70873,Pop,val
70875,Pop,train
70878,Pop,train
70879,Pop,train
71096,Electronic,val
71133,Folk,train
71157,Hip-Hop,train
71158,Hip-Hop,train
71172,Hip-Hop,train
71173,Hip-Hop,train
71174,Hip-Hop,train
71175,Hip-Hop,val
71216,Hip-Hop,train
71225,Hip-Hop,train
71228,Hip-Hop,val
71230,Hip-Hop,test
71231,Hip-Hop,val
71240,Hip-Hop,train
71241,Hip-Hop,test
71242,Hip-Hop,train
71243,Hip-Hop,train
71244,Hip-Hop,val
71245,Hip-Hop,train
71246,Hip-Hop,train
71247,Hip-Hop,train
71248,Hip-Hop,test
71249,Hip-Hop,test
71250,Hip-Hop,train
71251,Hip-Hop,train
71252,Hip-Hop,train
71253,Hip-Hop,train
71254,Hip-Hop,train
71255,Hip-Hop,val
71276,Rock,train
71303,Rock,val
71304,Rock,val
71371,Rock,val
71372,Rock,train
71420,Electronic,val
71503,Electronic,train
71506,Electronic,train
71507,Electronic,train
71508,Electronic,train
71509,Electronic,train
71510,Electronic,train
71511,Electronic,train
71512,Electronic,train
71513,Electronic,train
71514,Electronic,val
71515,Electronic,train
71516,Electronic,train
71617,Rock,train
71620,Rock,train
71622,Rock,train
71690,Hip-Hop,train
71691,Hip-Hop,val
71692,Hip-Hop,train
71693,Hip-Hop,train
71694,Hip-Hop,val
71695,Hip-Hop,train
71709,Pop,train
71711,Rock,train
71714,Rock,train
71715,Rock,val
71719,Rock,train
71721,Rock,val
71722,Folk,train
71822,Electronic,train
71884,Experimental,val
71885,Experimental,val
71937,Rock,train
71938,Rock,test
72046,Folk,train
72047,Folk,train
72050,Folk,train
72056,Folk,train
72058,Folk,test
72059,Folk,train
72064,Rock,train
72067,Electronic,train
72068,Electronic,train
72069,Electronic,train
72070,Electronic,train
72071,Electronic,val
72072,Electronic,train
72073,Electronic,train
72074,Electronic,train
72075,Electronic,train
72076,Electronic,train
72129,Hip-Hop,train
72130,Hip-Hop,test
72131,Hip-Hop,train
72134,Hip-Hop,train
72135,Hip-Hop,train
72136,Hip-Hop,train
72146,Experimental,train
72149,Experimental,train
72200,Electronic,val
72206,Electronic,test
72210,Electronic,train
72215,Electronic,train
72232,Electronic,val
72233,Electronic,train
72234,Hip-Hop,val
72287,Rock,train
72288,Rock,train
72289,Rock,train
72290,Rock,val
72456,Rock,train
72468,Hip-Hop,test
72476,Pop,train
72477,Electronic,val
72513,Rock,train
72514,Pop,train
72562,Folk,train
72565,Folk,test
72570,Folk,train
72604,Electronic,val
72605,Folk,test
72607,Folk,test
72612,Folk,train
72738,Rock,val
72781,Hip-Hop,train
72782,Hip-Hop,train
72783,Hip-Hop,train
72784,Hip-Hop,train
72785,Hip-Hop,train
72786,Hip-Hop,train
72787,Hip-Hop,train
72788,Hip-Hop,train
72789,Hip-Hop,train
72790,Hip-Hop,test
72926,Experimental,train
72927,Experimental,train
72928,Experimental,train
72930,Experimental,train
73087,Pop,train
73099,Experimental,train
73100,Experimental,train
73123,Electronic,train
73124,Electronic,train
73125,Electronic,train
73169,Folk,train
73170,Folk,train
73171,Folk,train
73172,Folk,train
73174,Folk,train
73175,Folk,test
73192,Rock,train
73193,Rock,val
73306,Rock,train
73309,Rock,test
73318,Rock,train
73335,Electronic,train
73340,Electronic,val
73341,Electronic,test
73342,Electronic,val
73343,Electronic,test
73344,Electronic,train
73363,Electronic,test
73365,Electronic,train
73366,Electronic,val
73367,Electronic,test
73368,Electronic,train
73369,Electronic,train
73370,Electronic,train
73371,Electronic,train
73372,Electronic,val
73465,Pop,val
73466,Pop,val
73467,Pop,train
73468,Pop,val
73469,Pop,train
73486,Rock,train
73494,Experimental,train
73495,Instrumental,val
73519,Rock,train
73520,Rock,train
73521,Rock,train
73522,Rock,train
73550,Hip-Hop,train
73551,Hip-Hop,train
73560,Electronic,train
73561,Electronic,train
73564,Electronic,val
73565,Electronic,test
73566,Folk,val
73568,Folk,train
73572,Folk,train
73573,Folk,train
73580,Folk,val
73584,Folk,train
73585,Folk,train
73587,Folk,train
73658,Folk,train
73675,Folk,train
73760,International,val
73761,International,train
73762,International,train
73763,International,train
73764,International,train
73765,International,train
73766,International,train
73767,International,train
73768,International,train
73769,International,train
73770,International,train
73771,International,train
73772,International,train
73773,International,test
73774,International,train
73775,International,val
73776,International,train
73777,International,val
73778,International,train
73779,International,train
73792,Pop,val
73797,Folk,train
73819,Experimental,val
73820,Experimental,train
73821,Experimental,train
73822,Experimental,train
73921,Pop,train
74002,Pop,train
74302,Experimental,test
74347,Experimental,train
74348,Rock,val
74362,Electronic,test
74365,Electronic,train
74370,Experimental,train
74371,Experimental,train
74372,Experimental,train
74373,Experimental,test
74374,Experimental,train
74375,Experimental,train
74376,Experimental,train
74377,Experimental,test
74378,Experimental,train
74380,Experimental,train
74381,Experimental,val
74382,Experimental,train
74383,Experimental,train
74384,Experimental,train
74385,Experimental,train
74386,Experimental,train
74387,Experimental,train
74388,Experimental,train
74389,Experimental,val
74390,Experimental,train
74391,Experimental,train
74392,Experimental,train
74393,Experimental,train
74421,Folk,val
74445,Folk,train
74546,Folk,val
74669,Rock,train
74671,Rock,train
74706,Rock,train
74908,Rock,train
74937,Folk,train
74942,Folk,train
74945,Pop,train
74954,Hip-Hop,train
74955,Hip-Hop,train
74959,Experimental,train
74960,Experimental,train
75194,Pop,train
75211,Rock,train
75221,Rock,train
75230,Rock,train
75304,Folk,train
75310,Pop,train
75314,Pop,train
75317,Pop,test
75371,Hip-Hop,train
75372,Hip-Hop,train
75373,Hip-Hop,val
75374,Hip-Hop,train
75375,Hip-Hop,val
75376,Hip-Hop,val
75377,Hip-Hop,train
75378,Hip-Hop,train
75379,Hip-Hop,train
75380,Hip-Hop,val
75381,Hip-Hop,val
75383,Hip-Hop,train
75386,Hip-Hop,val
75389,Hip-Hop,train
75390,Hip-Hop,val
75391,Hip-Hop,val
75393,Hip-Hop,val
75395,Hip-Hop,train
75396,Hip-Hop,train
75398,Hip-Hop,train
75399,Hip-Hop,val
75401,Hip-Hop,test
75403,Hip-Hop,train
75412,Hip-Hop,val
75415,Hip-Hop,train
75417,Hip-Hop,train
75418,Hip-Hop,train
75419,Hip-Hop,train
75420,Hip-Hop,test
75425,Hip-Hop,train
75427,Hip-Hop,train
75428,Hip-Hop,train
75429,Instrumental,val
75430,Instrumental,train
75431,Instrumental,val
75432,Instrumental,train
75433,Instrumental,train
75434,Instrumental,test
75435,Instrumental,train
75436,Instrumental,train
75437,Instrumental,val
75438,Instrumental,train
75439,Instrumental,train
75440,Instrumental,test
75441,Instrumental,train
75442,Instrumental,val
75443,Instrumental,test
75607,Instrumental,train
75612,Instrumental,train
75692,Pop,train
75745,Hip-Hop,val
75746,Hip-Hop,val
75747,Hip-Hop,train
75748,Hip-Hop,val
75749,Hip-Hop,train
75750,Hip-Hop,train
75751,Hip-Hop,test
75752,Hip-Hop,train
75754,Hip-Hop,train
75755,Hip-Hop,train
75762,Electronic,train
75763,Electronic,train
75764,Electronic,val
75782,Rock,train
75783,Rock,train
75784,Rock,test
75785,Rock,val
75786,Rock,train
75787,Rock,train
75788,Rock,train
75844,Folk,val
75862,Folk,train
75866,Folk,train
75869,Folk,train
75883,Folk,train
75903,Rock,train
75908,Rock,train
75925,Hip-Hop,train
75926,Hip-Hop,val
75927,Hip-Hop,train
75928,Hip-Hop,train
75929,Hip-Hop,val
75930,Hip-Hop,test
75931,Hip-Hop,train
75932,Hip-Hop,train
75933,Hip-Hop,train
75935,Hip-Hop,train
75936,Hip-Hop,train
75937,Hip-Hop,train
75975,Experimental,train
76036,Experimental,train
76069,International,test
76071,International,train
76072,International,train
76073,International,train
76074,International,train
76075,International,train
76076,International,val
76077,International,val
76078,International,val
76079,International,val
76121,Rock,test
76128,Pop,val
76129,Pop,val
76130,Pop,train
76131,Pop,train
76363,Instrumental,train
76375,Experimental,train
76381,Experimental,val
76437,Folk,test
76440,Folk,train
76654,Electronic,train
76659,Electronic,train
77517,Experimental,train
77519,Experimental,train
77521,Experimental,test
77522,Experimental,train
77523,Experimental,train
77564,Pop,train
77571,Hip-Hop,test
77572,Pop,train
77952,Electronic,train
78038,Experimental,train
78156,Hip-Hop,val
78213,Folk,test
78516,Hip-Hop,train
78833,Hip-Hop,train
78834,Hip-Hop,val
78839,Hip-Hop,train
78841,Hip-Hop,val
78843,Hip-Hop,test
78845,Hip-Hop,train
78847,Hip-Hop,val
78848,Hip-Hop,val
78849,Hip-Hop,train
78850,Hip-Hop,train
78851,Hip-Hop,train
78852,Hip-Hop,train
78984,Hip-Hop,train
78998,Hip-Hop,val
79087,Experimental,val
79575,Rock,val
79593,Folk,train
79605,Electronic,val
79606,Electronic,train
79610,Hip-Hop,train
79616,Hip-Hop,val
79741,Pop,train
79973,Experimental,train
79975,Experimental,train
79977,Experimental,train
79978,Experimental,train
79985,Folk,test
79986,Folk,val
79988,Folk,train
79990,Folk,train
79995,Folk,train
80000,Folk,test
80001,Folk,train
80002,Folk,train
80003,Folk,train
80004,Folk,train
80005,Folk,train
80035,Rock,train
80293,Hip-Hop,train
80341,International,train
80351,International,test
80389,Instrumental,val
80402,Instrumental,train
80515,Instrumental,val
80516,Instrumental,test
80517,Instrumental,train
80518,Instrumental,test
80519,Instrumental,train
80520,Instrumental,val
80611,Experimental,train
80680,International,val
80686,International,train
80687,International,train
80693,International,train
80694,International,train
80695,International,train
80696,International,train
80697,International,test
80751,International,train
80753,International,train
80754,International,train
80755,International,train
80756,International,train
80758,International,train
80765,International,train
80766,International,train
80772,International,train
80773,International,val
80774,International,val
80775,International,train
80776,International,train
80793,Electronic,train
80833,Electronic,val
80834,Electronic,train
80835,Electronic,val
80836,Electronic,train
81033,Folk,train
81037,Folk,train
81071,Experimental,train
81082,Folk,train
81083,Folk,train
81084,Folk,train
81085,Folk,val
81189,Experimental,test
81193,Electronic,train
81194,Electronic,val
81195,Electronic,train
81362,Experimental,train
81365,Experimental,train
81436,Instrumental,train
81457,Instrumental,train
81485,Instrumental,train
81491,Instrumental,train
81512,Instrumental,train
81523,Instrumental,train
81543,Instrumental,train
81554,Instrumental,train
81555,Instrumental,val
81565,Instrumental,train
81576,Instrumental,train
81586,Instrumental,train
81600,Instrumental,val
81612,Instrumental,train
81613,Instrumental,train
81623,Instrumental,val
81638,Instrumental,train
81650,Instrumental,train
81660,Instrumental,train
81781,Instrumental,train
81782,Instrumental,val
81792,Instrumental,train
81802,Instrumental,val
81803,Instrumental,train
81814,Instrumental,val
81868,Electronic,train
81895,Experimental,train
81938,Folk,train
81945,Folk,train
81946,Folk,test
81988,Instrumental,train
81999,Instrumental,train
82157,Instrumental,train
82231,Experimental,train
82237,Experimental,train
82242,Experimental,val
82250,Experimental,train
82410,Experimental,train
82462,Rock,train
82464,Rock,test
82505,Folk,train
82507,Folk,train
82628,International,train
82629,International,train
82630,International,train
82631,International,train
82778,Hip-Hop,train
82780,Hip-Hop,train
82881,Experimental,train
82886,Experimental,train
82890,Experimental,val
82892,Folk,train
82893,Folk,train
82914,Instrumental,train
82915,Instrumental,train
82916,Instrumental,test
82917,Instrumental,train
82918,Instrumental,train
82919,Instrumental,train
82920,Instrumental,train
82921,Instrumental,train
82928,Instrumental,val
82929,Instrumental,test
82930,Instrumental,val
82931,Instrumental,val
82932,Instrumental,train
83437,Folk,train
83438,Folk,train
83439,Folk,train
83440,Folk,train
83507,Pop,test
83509,Pop,train
83511,Pop,val
83512,Pop,train
83558,Hip-Hop,train
83600,Instrumental,train
83612,Instrumental,train
83613,Instrumental,train
83715,Hip-Hop,train
83717,Hip-Hop,train
83718,Hip-Hop,test
83719,Hip-Hop,train
83789,Rock,train
83790,Rock,train
83791,Rock,train
83898,Experimental,train
83903,Experimental,test
83906,Experimental,val
83908,Experimental,train
83911,Experimental,train
83913,Experimental,train
83954,Experimental,val
83960,Experimental,train
83969,Rock,train
84009,Folk,val
84054,Experimental,val
84055,Experimental,train
84056,Experimental,train
84057,Experimental,train
84058,Experimental,train
84091,Electronic,train
84095,Electronic,train
84096,Electronic,train
84097,Electronic,train
84111,Hip-Hop,train
84135,Experimental,train
84136,Experimental,train
84139,Experimental,val
84141,Experimental,train
84142,Experimental,test
84144,Experimental,train
84152,Experimental,train
84154,Folk,test
84155,Folk,train
84156,Folk,test
84157,Folk,train
84158,Folk,train
84159,Folk,train
84195,Electronic,train
84198,Electronic,train
84200,Electronic,test
84201,Electronic,train
84202,Electronic,train
84264,Electronic,train
84290,Rock,train
84291,Rock,train
84405,Experimental,train
84417,Experimental,train
84423,Experimental,train
84483,Electronic,train
84484,Electronic,train
84485,Electronic,train
84486,Electronic,train
84605,Pop,val
84736,Instrumental,train
84743,Rock,train
84757,Rock,train
84768,Instrumental,val
84777,Electronic,test
84788,Rock,train
84817,Pop,train
85027,Rock,train
85038,Electronic,train
85039,Electronic,train
85040,Electronic,test
85041,Electronic,train
85290,Electronic,train
85291,Electronic,test
85307,Pop,val
85308,Pop,val
85309,Pop,train
85310,Pop,train
85311,Pop,test
85317,Electronic,train
85318,Electronic,train
85343,Electronic,train
85346,Electronic,train
85347,Electronic,train
85400,Experimental,val
85419,Pop,val
85420,Pop,val
85421,Pop,train
85422,Pop,train
85423,Pop,train
85424,Pop,train
85425,Pop,val
85426,Pop,train
85427,Pop,train
85428,Pop,val
85436,Folk,val
85438,Folk,val
85482,Folk,train
85484,Folk,train
85485,Folk,train
85486,Folk,val
85487,Folk,test
85488,Folk,train
85489,Folk,val
85490,Folk,val
85491,Folk,train
85492,Folk,train
85494,Experimental,train
85592,Pop,train
85593,Pop,train
85594,Pop,val
85595,Pop,test
85596,Pop,train
85598,Pop,train
85599,Pop,test
85600,Pop,test
85691,Folk,train
85692,Folk,train
85693,Folk,train
85787,Rock,train
85788,Rock,train
85791,Rock,train
85792,Rock,val
85816,Rock,train
85817,Rock,val
85822,Electronic,train
85823,Electronic,train
85828,Electronic,train
85831,Electronic,train
85832,Electronic,train
85833,Electronic,train
85834,Electronic,train
85835,Electronic,test
85836,Electronic,test
85837,Electronic,train
85838,Electronic,train
85839,Electronic,val
85840,Electronic,val
85950,Pop,train
85951,Pop,train
85952,Pop,train
85953,Pop,test
85954,Pop,val
85955,Pop,val
85956,Pop,train
85957,Pop,train
85963,Folk,train
85966,Folk,train
85967,Folk,train
85968,Folk,train
85973,Folk,train
86037,Instrumental,train
86038,Instrumental,val
86039,Instrumental,train
86040,Instrumental,train
86077,Experimental,val
86081,Experimental,train
86082,Experimental,train
86116,Pop,train
86117,Pop,train
86118,Pop,train
86119,Pop,train
86140,Experimental,val
86256,Experimental,test
86259,Experimental,train
86262,Rock,train
86263,Rock,train
86415,Hip-Hop,val
86416,Hip-Hop,test
86417,Rock,val
86419,Rock,train
86441,Rock,val
86443,Rock,train
86481,Instrumental,val
86482,Instrumental,train
86483,Instrumental,test
86484,Instrumental,val
86485,Instrumental,test
86486,Instrumental,train
86487,Instrumental,test
86562,Rock,train
86576,Experimental,val
86623,Folk,val
86634,Pop,train
86678,Hip-Hop,val
86679,Hip-Hop,val
86680,Hip-Hop,test
86720,Experimental,train
86721,Experimental,test
86724,Experimental,train
86725,Experimental,train
86730,Experimental,val
86761,Rock,train
86762,Rock,val
86763,Rock,train
86788,Rock,train
86793,Electronic,test
86795,Rock,val
86799,Rock,train
86993,Rock,train
87068,Electronic,val
87069,Electronic,train
87070,Electronic,val
87096,Instrumental,train
87097,Instrumental,test
87098,Instrumental,train
87099,Instrumental,train
87100,Instrumental,train
87101,Instrumental,train
87102,Instrumental,train
87103,Instrumental,val
87104,Instrumental,train
87105,Instrumental,val
87106,Instrumental,train
87107,Instrumental,test
87108,Instrumental,train
87121,Rock,train
87151,Rock,train
87152,Rock,train
87153,Rock,test
87154,Rock,val
87155,Rock,test
87157,Electronic,train
87158,Electronic,train
87159,Electronic,val
87160,Electronic,train
87161,Electronic,train
87185,Pop,val
87186,Pop,train
87187,Pop,val
87188,Pop,test
87189,Pop,val
87190,Pop,train
87191,Pop,val
87192,Pop,train
87193,Pop,train
87194,Pop,val
87237,Electronic,train
87322,Pop,train
87323,Pop,train
87324,Pop,train
87325,Pop,test
87361,Rock,train
87362,Rock,train
87363,Rock,val
87377,Electronic,train
87430,Rock,train
87431,Rock,train
87490,Rock,test
87639,Electronic,test
87641,Electronic,val
87642,Electronic,train
87643,Electronic,test
87644,Electronic,val
87645,Electronic,test
87965,Folk,train
87966,Folk,val
87967,Folk,train
87968,Folk,train
87971,Folk,train
87972,Folk,train
88428,Pop,train
88429,Pop,train
88485,Experimental,train
88486,Experimental,train
88846,Folk,train
88848,Folk,val
88854,Folk,train
88856,Folk,train
88858,Folk,train
88860,Folk,val
88861,Folk,train
88863,Folk,val
88864,Folk,train
88867,Folk,train
88868,Folk,train
88869,Folk,train
88870,Folk,train
88871,Folk,train
88872,Folk,train
88873,Folk,test
88874,Folk,train
88875,Folk,train
88876,Folk,train
88877,Folk,train
88878,Folk,train
88879,Folk,train
88892,Folk,val
88899,Rock,train
88900,Rock,train
88959,Rock,train
88960,Rock,train
89178,Hip-Hop,train
89179,Hip-Hop,train
89192,Hip-Hop,train
89195,Hip-Hop,train
89196,Hip-Hop,train
89212,Experimental,train
89350,Folk,test
89376,Experimental,val
89441,Folk,train
89445,Hip-Hop,val
89447,Hip-Hop,train
89456,Hip-Hop,val
89473,Hip-Hop,train
89474,Electronic,train
89477,Folk,train
89482,Folk,train
89484,Folk,train
89485,Folk,train
89486,Folk,train
89639,Electronic,train
89704,Rock,train
89814,Electronic,train
89815,Electronic,train
89816,Electronic,train
89817,Electronic,train
89841,Hip-Hop,train
89843,Hip-Hop,train
89846,Hip-Hop,val
89847,Hip-Hop,train
89848,Hip-Hop,train
89857,Hip-Hop,train
89859,Hip-Hop,val
89860,Hip-Hop,train
89991,Experimental,train
89992,Experimental,train
90027,Experimental,val
90074,Electronic,train
90278,Experimental,train
90526,Instrumental,val
90527,Instrumental,train
90529,Instrumental,test
90530,Instrumental,train
90570,Pop,train
90579,Pop,train
90582,Pop,train
90583,Pop,train
90587,Pop,train
90589,Pop,test
90590,Pop,train
90591,Pop,train
90592,Pop,train
90616,Instrumental,val
90617,Instrumental,test
90618,Instrumental,val
90625,Folk,train
90639,Rock,train
90652,Rock,val
90695,Rock,train
90804,Experimental,train
90824,Pop,val
90826,Pop,train
90828,Pop,train
90982,Hip-Hop,train
90987,Hip-Hop,val
90993,Hip-Hop,train
91081,Electronic,test
91082,Electronic,train
91083,Electronic,train
91084,Electronic,train
91085,Electronic,val
91086,Electronic,val
91087,Electronic,train
91088,Electronic,test
91089,Electronic,val
91092,Rock,val
91093,Rock,train
91098,Folk,train
91102,Folk,train
91130,Experimental,train
91157,Pop,val
91158,Pop,test
91159,Pop,train
91160,Pop,train
91161,Pop,train
91162,Pop,train
91163,Pop,train
91164,Pop,train
91170,Folk,train
91177,International,train
91178,International,train
91179,International,train
91181,International,train
91182,International,val
91183,International,train
91184,International,train
91185,International,train
91186,International,train
91187,International,train
91205,Rock,train
91228,Folk,train
91238,Folk,train
91306,Hip-Hop,train
91309,Hip-Hop,train
91312,Hip-Hop,train
91315,Hip-Hop,train
91317,Hip-Hop,val
91318,Hip-Hop,train
91319,Hip-Hop,train
91329,Rock,train
91349,Pop,train
91443,Folk,train
91455,Rock,train
91458,Rock,test
91459,Rock,train
91468,Pop,train
91471,Pop,test
91619,Electronic,train
91620,Electronic,train
91621,Electronic,train
91622,Electronic,val
91623,Electronic,train
91624,Electronic,val
91625,Electronic,train
91755,Electronic,train
91788,Folk,train
91790,Folk,train
91791,Folk,train
91793,Folk,val
91796,Folk,train
91797,Folk,train
91851,Rock,train
91868,Rock,train
91869,Rock,train
91894,Experimental,train
91897,Experimental,train
91899,Experimental,val
91900,Experimental,test
91933,Folk,val
91934,Folk,train
91936,Folk,val
91937,Folk,train
91938,Folk,train
91958,Folk,val
91960,International,train
92124,Pop,test
92125,Pop,train
92129,Pop,train
92130,Pop,val
92131,Pop,train
92206,International,val
92275,Electronic,train
92282,Electronic,val
92283,Electronic,train
92284,Electronic,test
92292,Folk,train
92366,Electronic,val
92466,Electronic,train
92508,Rock,train
92535,Folk,train
92536,Folk,train
92538,Folk,train
92539,Folk,train
92540,Folk,train
92546,Electronic,train
92548,Electronic,test
92549,Electronic,test
92551,Electronic,val
92554,Electronic,train
92556,Electronic,train
92561,Electronic,train
92562,Electronic,train
92564,Electronic,train
92565,Experimental,train
92573,Experimental,train
92574,Experimental,train
92868,Rock,train
92872,Experimental,test
92873,Experimental,train
92874,Experimental,train
92878,Experimental,val
92881,Experimental,train
92885,Experimental,train
92886,Experimental,train
92887,Experimental,train
92888,Experimental,val
92889,Experimental,train
92947,Instrumental,test
92948,Instrumental,train
92949,Instrumental,train
92950,Instrumental,train
92951,Instrumental,val
92952,Instrumental,val
92953,Instrumental,train
92954,Instrumental,train
92955,Instrumental,val
93074,Folk,train
93075,Folk,train
93076,Folk,train
93363,Electronic,train
93364,Electronic,train
93518,Electronic,train
93519,Electronic,train
93520,Electronic,val
93521,Electronic,train
93522,Electronic,train
93523,Electronic,train
93704,Folk,train
93710,Folk,val
93712,Folk,train
93716,Folk,train
93727,Electronic,val
93867,Rock,train
93868,Rock,val
93915,Instrumental,train
93917,Instrumental,train
93918,Instrumental,train
93919,Instrumental,test
93920,Instrumental,train
93921,Instrumental,train
93940,Electronic,train
93941,Electronic,train
93942,Pop,val
93943,Pop,train
93944,Pop,train
93950,Rock,train
93956,Rock,train
93981,International,train
93983,Rock,train
93985,Rock,train
93986,Rock,train
94026,Rock,train
94033,Instrumental,train
94034,Instrumental,train
94035,Instrumental,train
94036,Instrumental,test
94037,Instrumental,val
94038,Instrumental,train
94039,Instrumental,train
94093,Rock,train
94099,Rock,val
94101,Rock,train
94102,Rock,train
94263,Electronic,train
94348,Rock,train
94411,Electronic,train
94414,Electronic,train
94415,Electronic,train
94419,Rock,train
94422,Folk,train
94423,Pop,train
94426,Hip-Hop,train
94449,Hip-Hop,val
94465,Hip-Hop,train
94467,Hip-Hop,train
94468,Hip-Hop,test
94628,Pop,train
94630,Pop,train
94631,Pop,train
94632,Pop,train
94634,Pop,train
94635,Pop,train
94638,Pop,train
94803,Electronic,train
95189,Experimental,val
95231,Rock,train
95248,Rock,train
95249,Rock,test
95250,Rock,train
95251,Rock,train
95308,Rock,train
95309,Rock,train
95310,Rock,train
95452,Instrumental,train
95486,Pop,train
95506,Rock,train
95535,Rock,val
95564,Experimental,train
95722,Instrumental,train
95724,Instrumental,train
95725,Instrumental,train
95726,Instrumental,train
95727,Instrumental,val
95908,Hip-Hop,train
95910,Hip-Hop,test
95911,Hip-Hop,train
95912,Hip-Hop,test
95914,Hip-Hop,train
95915,Hip-Hop,val
96166,International,train
96167,International,train
96168,International,train
96169,International,train
96399,Rock,train
96400,Rock,val
96401,Rock,train
96402,Rock,test
96403,Rock,train
96408,Rock,train
96560,Rock,train
96627,Experimental,train
96657,Hip-Hop,test
96675,Hip-Hop,train
96678,Hip-Hop,train
96692,Folk,train
96693,Folk,test
96694,Folk,test
96695,Folk,train
96696,Folk,val
96697,Folk,val
96698,Folk,val
96699,Folk,val
96718,Rock,train
96726,Folk,train
96728,Folk,val
96729,Folk,val
96730,Folk,val
96731,Folk,train
96738,International,train
96742,International,val
96743,International,train
96759,Rock,val
96898,Experimental,val
96900,Experimental,train
96901,Experimental,test
96902,Experimental,val
96935,Rock,train
96936,Rock,train
96944,Pop,train
96945,Pop,train
96946,Pop,train
97037,Hip-Hop,test
97041,Hip-Hop,test
97043,Hip-Hop,train
97211,Folk,train
97215,Folk,train
97216,Folk,val
97279,Instrumental,train
97283,Instrumental,train
97285,Instrumental,train
97286,Rock,train
97373,Experimental,test
97374,Experimental,train
97393,Electronic,train
97404,Electronic,train
97406,Experimental,val
97407,Experimental,train
97424,Electronic,train
97540,Electronic,train
97542,Electronic,train
97544,Electronic,train
97545,Electronic,train
97547,Electronic,train
97548,Electronic,val
97568,Hip-Hop,train
97569,Hip-Hop,val
97570,Hip-Hop,train
97585,Folk,train
97586,Folk,train
97587,Folk,train
97588,Folk,train
97589,Folk,train
97590,Folk,train
97690,Rock,train
97691,Hip-Hop,train
97692,Hip-Hop,train
97697,Hip-Hop,test
97793,Experimental,val
97794,Experimental,train
97813,Experimental,train
97814,Experimental,train
97841,Experimental,train
97844,Electronic,train
97845,Electronic,train
97846,Electronic,train
97847,Electronic,train
97848,Electronic,train
97886,Rock,train
97887,Rock,val
97894,Rock,train
97940,Electronic,val
97958,Electronic,train
97959,Electronic,train
97960,Electronic,train
97961,Electronic,test
97962,Electronic,train
97980,Hip-Hop,val
97986,Hip-Hop,train
97987,Hip-Hop,train
97988,Hip-Hop,val
97989,Hip-Hop,train
98025,Rock,train
98026,International,val
98028,International,train
98031,International,train
98077,Rock,test
98202,Electronic,train
98203,Electronic,test
98204,Electronic,train
98205,Electronic,val
98206,Electronic,val
98227,Electronic,train
98228,Electronic,train
98229,Experimental,train
98235,Instrumental,train
98236,Instrumental,train
98237,Instrumental,train
98238,Instrumental,train
98251,Rock,train
98297,Rock,val
98298,International,train
98299,International,train
98300,International,train
98301,International,train
98302,International,train
98339,International,train
98346,International,train
98348,International,train
98349,International,val
98547,Hip-Hop,train
98548,Hip-Hop,train
98549,Hip-Hop,train
98550,Hip-Hop,test
98551,Hip-Hop,train
98552,Hip-Hop,train
98553,Hip-Hop,train
98554,Hip-Hop,val
98555,Hip-Hop,val
98556,Hip-Hop,train
98557,Hip-Hop,train
98565,Hip-Hop,val
98567,Hip-Hop,val
98569,Hip-Hop,train
98573,Hip-Hop,train
98574,Hip-Hop,test
98575,Hip-Hop,train
98576,Hip-Hop,train
98577,Hip-Hop,train
98578,Hip-Hop,train
98579,Hip-Hop,train
98580,Hip-Hop,train
98581,Hip-Hop,test
98582,Hip-Hop,train
98583,Hip-Hop,test
98584,Hip-Hop,train
98585,Hip-Hop,train
98613,Hip-Hop,train
98617,Hip-Hop,train
98618,Hip-Hop,train
98619,Hip-Hop,train
98620,Hip-Hop,train
98621,Hip-Hop,val
98622,Hip-Hop,val
98623,Hip-Hop,val
98624,Hip-Hop,train
98625,Hip-Hop,train
98626,Hip-Hop,val
98627,Hip-Hop,train
98628,Hip-Hop,val
98655,International,train
98656,International,val
98657,International,val
98666,International,train
98667,International,train
98668,International,train
98669,International,train
98670,International,train
98671,International,val
98680,International,train
98681,International,train
98701,Rock,train
98770,Electronic,train
98838,Electronic,val
99041,Electronic,val
99093,Hip-Hop,train
99095,Hip-Hop,val
99096,Hip-Hop,train
99134,Electronic,test
99135,Electronic,test
99214,Experimental,train
99260,Rock,test
99261,Electronic,val
99274,Experimental,train
99311,Electronic,val
99313,Electronic,test
99345,Rock,train
99361,International,train
99362,International,val
99363,International,train
99364,International,train
99368,International,train
99369,International,train
99370,International,val
99371,International,train
99372,International,train
99373,International,val
99374,International,test
99375,International,train
99389,International,train
99390,International,train
99391,International,test
99392,International,train
99393,International,train
99394,International,test
99395,International,train
99411,Rock,test
99419,Rock,train
99436,Rock,train
99437,Rock,train
99438,Rock,val
99439,Rock,test
99440,Rock,val
99441,Rock,train
99442,Rock,test
99501,Hip-Hop,train
99703,Electronic,train
99704,Electronic,train
99707,Electronic,train
100478,Hip-Hop,train
100479,Hip-Hop,train
100480,Hip-Hop,train
100497,Electronic,train
100522,Electronic,train
100535,Electronic,train
100536,Electronic,val
100544,Electronic,val
100549,Electronic,train
100550,Electronic,train
100552,Electronic,val
100745,Electronic,train
100799,Rock,val
100802,Rock,train
100835,Electronic,train
100949,Hip-Hop,train
100958,Hip-Hop,test
100959,Hip-Hop,test
100972,Electronic,train
100973,Electronic,train
100975,Electronic,train
100976,Electronic,train
101111,International,train
101112,International,test
101116,International,train
101118,International,test
101119,International,val
101864,Experimental,train
101868,Experimental,train
101873,Experimental,train
101893,Experimental,train
101951,Rock,test
102092,Experimental,test
102112,Experimental,val
102114,Experimental,val
102195,Rock,train
103518,Instrumental,train
103519,Instrumental,train
103520,Instrumental,train
103521,Instrumental,train
103522,Instrumental,train
103523,Instrumental,train
103600,Electronic,train
103800,Hip-Hop,val
103808,Hip-Hop,train
104008,Folk,test
104009,Folk,val
104010,Folk,train
104062,Rock,val
104063,Rock,train
104064,Pop,train
104065,Pop,val
104066,Pop,val
104067,Pop,val
104068,Pop,val
104086,Rock,train
104227,Rock,train
104276,Electronic,train
104277,Electronic,train
104278,Electronic,train
104279,Electronic,train
104282,Electronic,train
104283,Electronic,train
104284,Electronic,train
104356,Folk,train
104357,Folk,test
104434,Experimental,train
104625,Experimental,val
104668,Rock,test
104724,Experimental,val
104725,Experimental,val
104779,Pop,train
104780,Pop,train
105022,Experimental,train
105119,Rock,train
105141,Rock,val
105142,Rock,val
105144,Rock,train
105145,Rock,train
105196,Folk,train
105408,Electronic,val
105411,Electronic,train
105412,Electronic,train
105413,Electronic,train
105414,Electronic,train
105443,Hip-Hop,train
105450,Hip-Hop,train
105451,Hip-Hop,train
105662,Electronic,train
105664,Electronic,train
105670,Electronic,train
105671,Electronic,val
105672,Electronic,train
105673,Electronic,train
105674,Electronic,train
105682,Rock,train
105683,Hip-Hop,val
105685,Hip-Hop,val
105712,Folk,train
105713,Folk,train
105714,Folk,train
105715,Folk,test
105716,Folk,train
105717,Folk,val
105718,Folk,train
105719,Experimental,train
105720,Experimental,val
105722,Experimental,test
105824,Hip-Hop,train
105825,Hip-Hop,val
105826,Hip-Hop,train
105827,Hip-Hop,train
105887,Folk,test
105890,Folk,train
105912,Rock,train
105914,Folk,train
105915,Folk,train
105916,Folk,train
105917,Folk,val
105918,Folk,test
105919,Folk,train
105920,Folk,val
106274,Rock,train
106277,Rock,train
106339,Folk,train
106342,Folk,train
106343,Folk,train
106456,Folk,train
106457,Folk,train
106458,Folk,train
106463,Rock,train
106465,Rock,test
106502,Instrumental,train
106522,Experimental,train
106562,Rock,test
106563,Rock,train
106564,Rock,train
106566,Rock,train
106567,Rock,train
106568,Rock,train
106569,Rock,val
106570,Rock,test
106571,Rock,train
106629,Instrumental,train
106872,Rock,val
106876,Rock,test
106877,Rock,val
106937,Folk,val
106948,Rock,test
106951,Rock,val
106952,Rock,test
106953,Rock,train
106954,Rock,train
106955,Rock,train
106956,Rock,test
107020,Hip-Hop,train
107021,Hip-Hop,val
107025,Hip-Hop,train
107027,Hip-Hop,train
107028,Hip-Hop,val
107029,Hip-Hop,train
107030,Hip-Hop,train
107031,Hip-Hop,val
107046,Pop,train
107047,Pop,val
107048,Pop,train
107049,Pop,val
107050,Pop,train
107101,Rock,train
107125,Electronic,train
107126,Electronic,train
107127,Electronic,train
107128,Electronic,val
107129,Electronic,test
107178,International,val
107179,International,train
107180,International,train
107181,International,val
107182,International,train
107183,International,train
107184,International,train
107185,International,val
107186,International,val
107187,International,train
107188,International,train
107189,International,train
107248,International,val
107249,International,train
107250,International,train
107251,International,train
107256,International,test
107257,International,train
107388,Rock,val
107389,Rock,train
107390,Rock,train
107391,Rock,train
107425,Electronic,test
107426,Electronic,train
107427,Electronic,train
107429,Electronic,val
107432,Electronic,train
107433,Electronic,val
107434,Electronic,train
107435,Electronic,train
107476,Rock,train
107506,Rock,train
107531,Instrumental,train
107532,Instrumental,train
107533,Instrumental,train
107534,Instrumental,train
107535,Instrumental,train
107567,Folk,train
107569,Folk,test
107571,Folk,test
107574,Folk,test
107577,Folk,train
107578,Folk,train
107579,Folk,train
107583,Folk,val
107584,Folk,val
107588,Folk,train
107589,Folk,train
107590,Folk,val
107591,Folk,val
107592,Folk,train
107593,Folk,val
107594,Folk,train
107595,Folk,train
107596,Folk,train
107597,Folk,test
107598,Folk,train
107613,Electronic,train
107616,Electronic,train
107617,Electronic,val
107659,Rock,val
107799,Rock,test
107804,Electronic,train
107805,Rock,val
107809,Hip-Hop,val
107810,Pop,train
107850,Hip-Hop,train
107851,Folk,val
107852,Folk,train
107908,Electronic,train
107909,Electronic,train
107910,Electronic,train
107911,Electronic,val
107912,Electronic,train
107913,Electronic,train
107949,International,train
107950,International,train
107951,International,train
107952,International,train
107953,International,train
107954,International,test
107955,International,train
107956,International,test
107957,International,val
108012,Folk,train
108014,Folk,train
108015,Folk,val
108016,Folk,test
108017,Instrumental,train
108018,Instrumental,train
108019,Instrumental,train
108020,Instrumental,val
108021,Instrumental,train
108022,Instrumental,test
108023,Instrumental,val
108024,Instrumental,train
108025,Instrumental,train
108026,Instrumental,train
108027,Instrumental,val
108031,Rock,train
108036,Rock,train
108037,Rock,test
108038,Rock,train
108049,Experimental,train
108050,Experimental,train
108059,Experimental,train
108060,Experimental,train
108079,Rock,train
108155,Rock,val
108230,Electronic,val
108290,Rock,train
108297,Rock,test
108298,Rock,train
108299,Folk,train
108300,Folk,train
108301,Folk,test
108302,Folk,train
108303,Folk,train
108304,Folk,val
108305,Folk,val
108306,Folk,train
108307,Folk,test
108308,Folk,val
108313,Experimental,train
108314,Experimental,train
108318,Experimental,val
108319,Experimental,train
108339,Electronic,train
108341,Electronic,train
108342,Electronic,train
108343,Electronic,train
108415,Electronic,val
108416,Electronic,train
108418,Electronic,train
108420,Electronic,train
108421,Electronic,train
108422,Electronic,val
108423,Electronic,train
108425,Pop,test
108426,Pop,train
108427,Pop,train
108428,Pop,train
108429,Pop,train
108456,Pop,train
108457,Pop,train
108459,Pop,train
108460,Pop,test
108461,Pop,train
108464,Electronic,test
108471,Instrumental,train
108472,Instrumental,val
108473,Instrumental,test
108474,Instrumental,test
108475,Instrumental,train
108476,Instrumental,train
108477,Instrumental,train
108478,Instrumental,val
108487,Hip-Hop,train
108488,Hip-Hop,val
108489,Hip-Hop,val
108490,Hip-Hop,train
108491,Hip-Hop,train
108492,Hip-Hop,val
108493,Hip-Hop,train
108494,Hip-Hop,train
108495,Hip-Hop,train
108496,Hip-Hop,train
108497,Hip-Hop,val
108498,Hip-Hop,val
108499,Hip-Hop,train
108500,Hip-Hop,train
108501,Hip-Hop,val
108502,Rock,train
108503,Rock,val
108504,Rock,train
108505,Rock,val
108524,Electronic,test
108525,Electronic,val
108526,Electronic,val
108527,Electronic,train
108528,Electronic,train
108529,Electronic,val
108530,Electronic,val
108531,Electronic,test
108532,Electronic,val
108533,Electronic,train
108745,Hip-Hop,train
108774,Hip-Hop,test
108799,Hip-Hop,train
108808,Hip-Hop,train
108809,Hip-Hop,val
108812,Hip-Hop,train
108836,Hip-Hop,train
108837,Hip-Hop,train
108838,Hip-Hop,train
108839,Hip-Hop,val
108840,Hip-Hop,val
108841,Hip-Hop,val
108842,Hip-Hop,val
108843,Hip-Hop,train
108845,Hip-Hop,train
108846,Hip-Hop,train
108847,Hip-Hop,test
108863,International,train
108864,International,test
108865,International,train
108866,International,train
108867,International,train
108868,International,train
108878,Instrumental,train
108879,Instrumental,val
108880,Instrumental,train
108881,Instrumental,train
108882,Instrumental,val
108883,Instrumental,test
108884,Instrumental,train
108885,Instrumental,train
108906,Instrumental,train
108925,Rock,train
108957,Rock,val
108961,Rock,train
108962,Rock,train
108967,Rock,train
108968,Rock,train
108969,Rock,train
108970,Rock,val
108992,Rock,train
109068,Experimental,train
109071,Experimental,train
109072,Experimental,train
109106,Experimental,val
109144,Experimental,train
109189,Instrumental,train
109191,Instrumental,val
109203,Rock,train
109235,Rock,train
109276,Experimental,val
109349,Rock,train
109350,Rock,val
109355,Rock,train
109356,Rock,train
109357,Rock,train
109445,Folk,train
109446,Folk,train
109447,Folk,train
109448,Folk,test
109449,Folk,val
109450,Folk,train
109468,Rock,train
109480,Folk,train
109481,Rock,train
109497,Rock,train
109535,Electronic,train
109537,Electronic,train
109538,Electronic,train
109542,Electronic,train
109543,Electronic,test
109548,Experimental,train
109670,Hip-Hop,train
109681,Hip-Hop,train
109684,Hip-Hop,val
109685,Hip-Hop,val
109686,Hip-Hop,train
109687,Hip-Hop,train
109711,Experimental,train
109712,Experimental,train
109896,Folk,val
109900,Folk,train
109901,Folk,train
109902,Folk,val
109903,Folk,train
109904,Folk,train
109905,Folk,train
109906,Folk,train
109925,Electronic,train
109957,Pop,train
109958,Pop,val
109960,Pop,val
109962,Pop,train
109963,Pop,train
109971,Pop,train
109972,Pop,train
109973,Pop,val
109974,Pop,train
109975,Pop,test
109976,Pop,test
109977,Pop,val
109978,Pop,train
110070,Hip-Hop,test
110082,Hip-Hop,train
110084,Hip-Hop,val
110085,Hip-Hop,val
110086,Hip-Hop,train
110102,Electronic,train
110103,Electronic,train
110104,Electronic,train
110105,Electronic,val
110106,Electronic,train
110107,Electronic,test
110108,Electronic,train
110109,Electronic,test
110110,Electronic,train
110111,Electronic,train
110166,Rock,train
110167,Rock,val
110171,Folk,test
110172,Folk,val
110204,Experimental,test
110205,Experimental,train
110206,Experimental,val
110207,Experimental,train
110208,Experimental,train
110209,Experimental,train
110230,Experimental,train
110259,Hip-Hop,train
110260,Hip-Hop,val
110261,Hip-Hop,train
110262,Hip-Hop,train
110263,Hip-Hop,train
110264,Hip-Hop,train
110265,Hip-Hop,val
110266,Hip-Hop,train
110267,Hip-Hop,train
110274,Experimental,val
110384,Folk,train
110410,Rock,val
110417,Rock,train
110436,Folk,train
110437,Folk,val
110438,Folk,train
110439,Folk,test
110440,Folk,val
110441,Folk,train
110447,International,train
110448,International,train
110449,International,train
110450,International,val
110451,International,val
110452,International,train
110546,Rock,test
110610,Experimental,train
110611,Experimental,train
110623,Experimental,train
110629,Experimental,train
110630,Experimental,val
110634,Rock,train
110636,Rock,train
110637,Rock,train
110647,Instrumental,val
110648,Instrumental,val
110649,Instrumental,test
110650,Instrumental,train
110651,Instrumental,train
110652,Instrumental,train
110653,Instrumental,val
110654,Instrumental,test
110681,Experimental,train
110684,Experimental,train
110687,Electronic,train
110688,Electronic,train
110689,Electronic,train
110690,Electronic,train
110691,Electronic,train
110711,Experimental,train
110735,Hip-Hop,train
110736,Hip-Hop,val
110743,Hip-Hop,train
110744,Hip-Hop,train
110756,Hip-Hop,train
110764,Hip-Hop,val
110765,Hip-Hop,train
110768,Hip-Hop,train
110771,Hip-Hop,val
110772,Hip-Hop,train
110774,Hip-Hop,train
110775,Hip-Hop,train
110776,Hip-Hop,train
110777,Hip-Hop,train
110778,Hip-Hop,test
110779,Hip-Hop,test
110923,Folk,train
110927,Folk,test
110928,Folk,train
110980,Rock,train
110982,Rock,val
110983,Rock,val
110985,Rock,test
111015,Instrumental,test
111146,Instrumental,train
111147,Instrumental,val
111148,Instrumental,test
111149,Instrumental,train
111150,Instrumental,train
111151,Instrumental,train
111153,Instrumental,train
111154,Instrumental,train
111182,Folk,val
111186,Folk,train
111187,Folk,train
111188,Folk,train
111216,Experimental,train
111220,Instrumental,train
111221,Instrumental,val
111222,Instrumental,train
111223,Instrumental,train
111224,Instrumental,train
111225,Instrumental,train
111226,Instrumental,train
111227,Instrumental,train
111228,Instrumental,train
111229,Instrumental,train
111230,Instrumental,train
111306,Rock,val
111311,Rock,train
111335,Rock,train
111367,Pop,train
111368,Pop,test
111371,Pop,test
111372,Pop,train
111375,Pop,train
111376,Pop,train
111377,Pop,train
111378,Pop,train
111379,Pop,train
111382,Pop,train
111385,Pop,train
111386,Pop,val
111387,Pop,train
111388,Pop,train
111389,Pop,train
111390,Pop,train
111391,Pop,train
111392,Pop,test
111393,Pop,train
111394,Pop,val
111395,Pop,val
111396,Pop,train
111397,Pop,train
111398,Pop,train
111399,Pop,train
111400,Pop,test
111401,Pop,train
111402,Pop,train
111413,Electronic,test
111416,Electronic,train
111460,Experimental,train
111579,Experimental,train
111658,Rock,train
111747,Rock,train
111793,Instrumental,train
111819,Electronic,train
111871,Instrumental,train
111872,Instrumental,train
111873,Instrumental,val
111911,Rock,train
111933,Electronic,test
111934,Hip-Hop,train
111935,Hip-Hop,train
111936,Hip-Hop,train
111937,Hip-Hop,train
111938,Hip-Hop,train
111974,Rock,train
111982,Rock,val
111994,Instrumental,train
112000,Instrumental,train
112001,Instrumental,val
112020,Rock,train
112065,Rock,train
112066,Rock,test
112088,Experimental,train
112133,Experimental,train
112196,Experimental,val
112197,Experimental,train
112198,Experimental,val
112199,Experimental,train
112209,Instrumental,train
112210,Instrumental,val
112211,Instrumental,train
112215,Experimental,train
112252,Folk,train
112314,Rock,val
112315,Rock,train
112316,Rock,train
112317,Rock,val
112318,Rock,train
112468,Hip-Hop,test
112481,Hip-Hop,val
112483,Hip-Hop,train
112484,Hip-Hop,train
112485,Hip-Hop,train
112486,Hip-Hop,test
112487,Hip-Hop,train
112488,Hip-Hop,val
112490,Electronic,train
112526,Rock,train
112527,Rock,train
112528,Rock,train
112529,Rock,test
112583,Experimental,train
112584,Experimental,train
112585,Experimental,train
112586,Experimental,train
112587,Experimental,train
112588,Experimental,train
112668,Experimental,train
112733,Rock,train
112734,Rock,train
112735,Rock,val
112767,Electronic,val
112768,Electronic,train
112769,Electronic,train
112770,Electronic,train
112780,Experimental,train
112781,Experimental,val
112785,Experimental,train
112788,Experimental,val
112789,Experimental,val
112790,Experimental,train
112821,Experimental,train
112975,Instrumental,val
112976,Instrumental,val
112977,Instrumental,train
112978,Instrumental,test
113016,Pop,train
113017,Pop,val
113018,Pop,train
113019,Pop,val
113020,Pop,train
113021,Pop,val
113022,Pop,train
113023,Pop,train
113024,Pop,train
113025,Pop,test
113026,Pop,train
113027,Pop,train
113028,Pop,val
113030,Hip-Hop,train
113031,Hip-Hop,train
113032,Hip-Hop,test
113033,Hip-Hop,train
113034,Hip-Hop,train
113035,Hip-Hop,train
113036,Hip-Hop,train
113037,Hip-Hop,train
113063,Rock,val
113110,Instrumental,train
113164,Rock,train
113165,Rock,train
113166,Rock,train
113167,Folk,train
113203,Experimental,train
113259,International,train
113260,International,train
113261,International,train
113262,International,val
113263,International,train
113264,International,train
113265,International,val
113266,International,train
113267,International,train
113268,International,val
113269,International,test
113270,International,val
113271,International,train
113272,International,train
113273,International,train
113274,International,val
113275,International,val
113276,International,train
113277,International,train
113278,International,train
113279,International,test
113280,International,train
113281,International,train
113282,International,train
113284,International,val
113294,Rock,val
113303,Rock,train
113304,Rock,val
113305,Rock,train
113311,Rock,train
113334,Electronic,train
113335,Electronic,val
113336,Electronic,train
113342,Folk,train
113343,Folk,train
113344,Folk,train
113357,Folk,train
113359,Folk,train
113360,Folk,val
113453,Electronic,test
113511,Rock,val
113512,Rock,train
113513,Rock,train
113530,Rock,train
113558,Experimental,train
113564,Experimental,train
113574,Rock,train
113696,International,train
113697,International,train
113698,International,test
113699,International,val
113700,International,train
113701,International,val
113702,Experimental,val
113787,Instrumental,val
113788,Instrumental,train
113789,Instrumental,test
113790,Instrumental,train
113808,Pop,train
113809,Pop,val
113810,Pop,train
113822,Rock,val
113932,Pop,train
113933,Pop,train
113934,Pop,val
113935,Pop,train
113946,Folk,train
113949,Folk,train
113950,Folk,train
113969,Instrumental,train
113970,Electronic,train
113971,Electronic,train
113972,Electronic,test
113973,Electronic,train
114006,Instrumental,train
114007,Instrumental,train
114036,Hip-Hop,val
114037,Hip-Hop,val
114040,Hip-Hop,train
114041,Hip-Hop,test
114042,Hip-Hop,test
114044,Hip-Hop,train
114045,Hip-Hop,train
114047,Hip-Hop,train
114048,Hip-Hop,train
114049,Hip-Hop,train
114050,Hip-Hop,train
114051,Hip-Hop,test
114061,Electronic,train
114062,Electronic,train
114063,Electronic,val
114064,Electronic,test
114065,Electronic,train
114066,Electronic,train
114067,Electronic,train
114069,Instrumental,test
114070,Instrumental,train
114072,Instrumental,val
114073,Instrumental,train
114074,Instrumental,test
114076,Instrumental,val
114077,Instrumental,train
114198,Rock,train
114199,Rock,train
114200,Rock,train
114201,Rock,val
114212,Instrumental,train
114222,Instrumental,train
114223,Instrumental,train
114231,Instrumental,val
114232,Instrumental,train
114233,Instrumental,train
114234,Instrumental,train
114235,Instrumental,train
114236,Instrumental,val
114237,Instrumental,train
114238,Instrumental,train
114239,Instrumental,test
114242,Electronic,train
114245,Electronic,train
114265,Hip-Hop,train
114266,Hip-Hop,val
114268,Hip-Hop,train
114272,Hip-Hop,val
114274,Hip-Hop,train
114275,Hip-Hop,train
114279,Electronic,train
114282,Electronic,test
114283,Electronic,val
114289,Electronic,val
114290,Electronic,val
114291,Electronic,val
114292,Electronic,train
114293,Electronic,train
114294,Electronic,train
114295,Electronic,train
114296,Electronic,train
114297,Electronic,train
114298,Electronic,val
114371,Instrumental,train
114372,Instrumental,val
114373,Instrumental,test
114374,Instrumental,train
114375,Instrumental,train
114384,Electronic,train
114385,Electronic,train
114386,Electronic,train
114387,Electronic,train
114388,Electronic,train
114389,Electronic,train
114390,Electronic,train
114391,Electronic,train
114392,Electronic,train
114393,Electronic,val
114395,Rock,train
114396,Rock,train
114397,Rock,train
114398,Rock,train
114399,Rock,val
114400,Rock,test
114401,Rock,train
114402,Rock,train
114403,Rock,val
114404,Rock,train
114405,Rock,train
114406,Rock,train
114408,Rock,val
114409,Rock,train
114410,Rock,train
114411,Rock,train
114412,Rock,train
114413,Rock,train
114414,Rock,train
114415,Rock,train
114416,Rock,val
114430,Rock,train
114532,Instrumental,train
114533,Instrumental,train
114534,Instrumental,train
114535,Instrumental,val
114536,Instrumental,train
114538,Instrumental,train
114539,Instrumental,val
114541,Instrumental,train
114544,Electronic,val
114545,Electronic,train
114556,Electronic,train
114558,Electronic,train
114559,Electronic,val
114879,International,val
114880,International,train
114884,International,train
114936,International,val
114937,International,train
114938,International,val
114939,International,val
114940,International,train
114941,International,train
114942,International,train
114943,International,train
114974,Experimental,test
114976,Experimental,train
115002,Instrumental,val
115011,Instrumental,train
115125,Experimental,train
115176,Instrumental,train
115262,International,val
115263,International,train
115267,International,test
115268,International,train
115269,International,train
115271,International,train
115272,International,train
115273,International,train
115288,Instrumental,val
115289,Instrumental,train
115290,Instrumental,val
115292,Instrumental,train
115293,Instrumental,train
115294,Instrumental,test
115321,Electronic,val
115339,Electronic,val
115391,Electronic,val
115392,Electronic,train
115470,Instrumental,train
115471,Instrumental,train
115472,Instrumental,train
115473,Instrumental,train
115474,Instrumental,val
115475,Instrumental,test
115591,Experimental,val
115592,Experimental,train
115597,Experimental,train
115697,Electronic,val
115698,Electronic,train
115699,Electronic,train
115700,Electronic,train
115721,Electronic,test
115722,Electronic,train
115723,Electronic,val
115724,Electronic,train
115735,Rock,train
115761,Rock,train
115762,Rock,val
115764,Rock,train
115765,Rock,train
115766,Rock,train
115767,Instrumental,train
115768,Instrumental,train
115769,Instrumental,train
115771,Instrumental,train
115772,Instrumental,train
115773,Instrumental,train
115774,Instrumental,train
115775,Instrumental,train
115811,Electronic,train
115812,Electronic,val
115813,Electronic,val
115814,Electronic,train
115815,Electronic,train
115816,Electronic,test
115817,Experimental,train
115849,Experimental,train
115850,Experimental,train
115852,Experimental,train
115888,Instrumental,train
115891,Instrumental,test
115892,Instrumental,val
115922,Folk,train
115923,Folk,train
115925,Folk,train
115926,Folk,val
115927,Folk,train
115930,Folk,train
115932,Folk,train
115935,Folk,test
115944,Folk,train
115948,Folk,train
116029,Electronic,train
116068,Electronic,val
116098,Instrumental,train
116099,Instrumental,train
116101,Instrumental,val
116116,Experimental,train
116119,Experimental,train
116175,Instrumental,train
116176,Instrumental,val
116177,Instrumental,train
116235,Electronic,train
116236,Electronic,train
116237,Electronic,test
116238,Electronic,val
116239,Electronic,train
116240,Electronic,train
116241,Electronic,train
116242,Electronic,val
116243,Electronic,train
116261,Experimental,train
116344,Electronic,train
116345,Electronic,train
116372,Experimental,train
116383,Experimental,train
116388,Hip-Hop,train
116389,Hip-Hop,train
116390,Hip-Hop,train
116407,Hip-Hop,train
116446,Folk,train
116447,Folk,test
116448,Folk,val
116449,Folk,train
116451,Folk,train
116452,Folk,train
116453,Folk,train
116454,Folk,val
116455,Folk,val
116456,Folk,train
116457,Folk,train
116458,Folk,train
116464,Experimental,train
116465,Experimental,test
116466,Instrumental,train
116467,Instrumental,train
116468,Instrumental,train
116487,Instrumental,train
116488,Instrumental,test
116489,Instrumental,val
116490,Instrumental,train
116491,Instrumental,train
116514,Experimental,train
116517,Experimental,train
116525,Experimental,train
116526,Instrumental,train
116527,Instrumental,train
116528,Instrumental,train
116547,Rock,train
116549,Instrumental,train
116586,Experimental,train
116587,Experimental,train
116704,Folk,train
116706,Folk,train
116707,Folk,train
116709,Experimental,val
116733,Instrumental,train
116735,Instrumental,val
116736,Instrumental,train
116753,Instrumental,val
116755,Instrumental,train
116756,Instrumental,val
116757,Instrumental,val
116758,Instrumental,test
116759,Instrumental,train
116760,Instrumental,val
116833,Rock,train
116868,Instrumental,train
116869,Instrumental,train
116870,Instrumental,train
116871,Instrumental,val
116872,Folk,train
116873,Folk,train
116874,Folk,train
116876,Folk,test
116877,Electronic,train
116878,Electronic,train
116879,Electronic,train
116880,Electronic,train
116881,Electronic,test
116882,Electronic,train
116883,Folk,train
117057,Experimental,train
117159,Instrumental,train
117160,Instrumental,train
117161,Instrumental,train
117169,Instrumental,train
117170,Instrumental,train
117171,Instrumental,train
117172,Instrumental,val
117173,Instrumental,train
117251,Instrumental,test
117252,Instrumental,val
117253,Instrumental,train
117287,Electronic,train
117288,Electronic,val
117450,Rock,train
117472,Pop,train
117473,Pop,train
117609,Instrumental,val
117610,Instrumental,train
117611,Instrumental,train
117612,Instrumental,train
117613,Instrumental,test
117614,Instrumental,train
117626,Instrumental,train
117627,Folk,train
117628,Folk,train
117629,Folk,test
117630,Folk,train
117631,Folk,train
117632,Folk,train
117666,International,test
117667,International,val
117668,International,train
117669,International,train
117670,International,test
117846,Experimental,train
117883,Rock,val
117884,Rock,train
117885,Rock,test
117886,Rock,test
117887,Rock,train
117942,International,train
117943,International,test
117944,International,train
117945,International,train
117946,International,train
117961,Experimental,train
117966,Experimental,train
117967,Experimental,train
117970,Experimental,train
117991,Experimental,train
118000,Experimental,test
118012,Experimental,train
118058,Instrumental,train
118059,Instrumental,train
118060,Instrumental,train
118061,Instrumental,val
118062,Instrumental,train
118063,Instrumental,train
118068,Instrumental,test
118070,Electronic,train
118084,Experimental,train
118085,Experimental,test
118087,Experimental,train
118195,Experimental,train
118196,Experimental,val
118222,Experimental,train
118223,Experimental,train
118257,Experimental,train
118276,Experimental,train
118277,Experimental,train
118279,Rock,train
118327,Rock,val
118384,Rock,train
118478,Experimental,train
118484,Experimental,train
118489,Experimental,val
118496,Experimental,val
118498,Experimental,val
118499,Experimental,train
118500,Experimental,train
118502,Experimental,train
118503,Experimental,train
118504,Experimental,train
118505,Experimental,val
118507,Experimental,train
118569,Hip-Hop,train
118618,Instrumental,train
118629,Electronic,val
118670,Folk,test
118671,Folk,train
118672,Folk,test
118674,Folk,train
118734,Electronic,val
118735,Folk,train
118738,Folk,train
118739,Folk,train
118886,Folk,test
118891,Folk,train
118920,Electronic,train
118921,Electronic,val
118922,Electronic,val
118923,Electronic,val
118950,Instrumental,val
118951,Instrumental,train
118952,Instrumental,train
118953,Instrumental,train
118954,Instrumental,train
118955,Instrumental,val
118957,Experimental,train
118958,Experimental,train
118972,Experimental,train
118986,Experimental,train
118987,Experimental,train
118988,Experimental,train
119025,Experimental,val
119026,Experimental,test
119027,Experimental,train
119063,Experimental,train
119086,Experimental,train
119095,Experimental,val
119097,Experimental,val
119118,Experimental,val
119134,Experimental,train
119187,Pop,val
119193,Pop,train
119257,Rock,train
119369,Experimental,val
119379,Experimental,train
119413,Experimental,val
119545,Experimental,test
119569,Rock,train
119571,Rock,train
119574,Rock,train
119575,Experimental,val
119578,Experimental,train
119579,Experimental,train
119580,Experimental,train
119582,Experimental,train
119583,Experimental,val
119584,Pop,test
119592,Pop,train
119715,Rock,train
119719,Folk,train
119725,Folk,train
119726,Folk,train
119727,Experimental,train
119745,Experimental,train
119828,Instrumental,train
119830,Instrumental,train
119831,Instrumental,val
119893,Instrumental,train
119894,Instrumental,train
119895,Instrumental,train
119896,Instrumental,val
119897,Instrumental,val
119898,Instrumental,train
119899,Instrumental,train
119900,Instrumental,train
119901,Instrumental,train
119922,Rock,train
119938,Hip-Hop,test
119939,Hip-Hop,train
119940,Hip-Hop,train
119941,Hip-Hop,train
119942,Hip-Hop,train
119979,Hip-Hop,train
119985,Hip-Hop,train
119988,Hip-Hop,train
119991,Hip-Hop,train
119992,Hip-Hop,train
119993,Hip-Hop,train
119994,Hip-Hop,test
120099,Pop,train
120105,Pop,train
120109,Pop,train
120111,Pop,train
120112,Pop,train
120150,Experimental,val
120160,Experimental,val
120161,Experimental,train
120171,Experimental,val
120172,Folk,train
120177,Folk,val
120178,Folk,train
120179,Pop,test
120183,Pop,val
120184,Pop,train
120188,Pop,train
120189,Pop,train
120194,Pop,train
120196,Pop,train
120199,Pop,train
120200,Pop,train
120201,Pop,train
120203,Pop,val
120206,Pop,train
120207,Pop,train
120208,Pop,train
120296,Instrumental,val
120297,Instrumental,train
120298,Instrumental,train
120299,Instrumental,train
120300,Instrumental,train
120302,Instrumental,train
120303,Instrumental,val
120304,Instrumental,train
120305,Instrumental,train
120306,Instrumental,train
120307,Instrumental,train
120308,Instrumental,train
120309,Instrumental,train
120310,Instrumental,train
120312,Instrumental,train
120313,Instrumental,val
120314,Instrumental,train
120315,Instrumental,train
120316,Instrumental,val
120317,Instrumental,val
120318,Instrumental,train
120319,Instrumental,test
120320,Instrumental,test
120321,Instrumental,train
120322,Instrumental,val
120323,Instrumental,train
120324,Instrumental,train
120325,Instrumental,train
120326,Instrumental,train
120327,Instrumental,train
120328,Instrumental,train
120329,Instrumental,train
120330,Instrumental,train
120331,Instrumental,val
120332,Instrumental,train
120333,Instrumental,train
120462,Electronic,val
120466,Electronic,val
120467,Electronic,train
120468,Electronic,train
120469,Electronic,val
120470,Electronic,val
120471,Electronic,train
120504,Instrumental,train
120513,Instrumental,train
120514,Instrumental,val
120515,Instrumental,test
120518,Rock,train
120769,Instrumental,val
120770,Instrumental,train
120771,Instrumental,train
120772,Instrumental,val
120773,Instrumental,train
120774,Instrumental,train
120775,Instrumental,train
120776,Instrumental,train
120777,Instrumental,val
120778,Instrumental,val
120779,Experimental,train
120782,Experimental,train
121251,Rock,train
121256,Rock,train
121257,Rock,train
121273,Experimental,val
121288,Experimental,val
121312,Hip-Hop,val
121313,Hip-Hop,val
121314,Hip-Hop,train
121315,Hip-Hop,train
121316,Hip-Hop,val
121317,Hip-Hop,test
121318,Hip-Hop,train
121319,Hip-Hop,train
121320,Hip-Hop,train
121321,Hip-Hop,train
121322,Hip-Hop,train
121323,Hip-Hop,train
121346,Experimental,train
121366,Experimental,val
121415,Rock,train
121449,Electronic,train
121450,Electronic,val
121451,Electronic,train
121452,Electronic,train
121453,Electronic,test
121454,Electronic,train
121472,Instrumental,train
121473,Instrumental,train
121474,Instrumental,train
121475,Instrumental,val
121570,Rock,test
121589,Pop,train
121590,Pop,train
121591,Pop,train
121592,Pop,val
121593,Pop,train
121594,Pop,train
121595,Electronic,val
121651,Instrumental,train
121652,Instrumental,test
121653,Instrumental,test
121654,Instrumental,train
121655,Instrumental,train
121656,Instrumental,val
121657,Instrumental,train
121658,Instrumental,train
121659,Instrumental,train
121660,Instrumental,train
121661,Instrumental,test
121662,Instrumental,val
121663,Instrumental,train
121664,Instrumental,train
121665,Instrumental,train
121666,Instrumental,train
121734,Pop,test
121735,Pop,train
121736,Pop,train
121737,Pop,train
121738,Pop,train
121739,Pop,train
121740,Pop,train
121813,Rock,train
121866,Rock,train
121867,Rock,val
121869,Rock,val
121913,International,val
121915,International,train
121922,International,train
121926,International,train
121929,International,train
121930,International,val
121976,Experimental,train
121985,Experimental,train
121987,Experimental,train
121998,Experimental,train
122001,Experimental,test
122003,Experimental,val
122004,Experimental,train
122066,Rock,train
122077,Rock,train
122079,Rock,train
122080,Rock,test
122081,Rock,test
122082,Rock,train
122083,Rock,train
122084,Rock,val
122085,Rock,train
122086,Rock,train
122087,Rock,train
122088,Rock,val
122106,Experimental,train
122107,Experimental,val
122132,Experimental,train
122143,Experimental,val
122153,Experimental,train
122155,Experimental,train
122166,Experimental,train
122168,Experimental,train
122190,Rock,val
122199,Experimental,train
122201,Experimental,test
122204,Experimental,train
122247,Experimental,val
122261,Experimental,train
122352,Folk,train
122353,Folk,train
122354,Folk,train
122355,Folk,train
122356,Folk,train
122357,Folk,train
122358,Folk,train
122359,Folk,train
122360,Folk,train
122362,Folk,train
122363,Folk,train
122364,Folk,train
122365,Folk,val
122395,Rock,val
122397,Rock,train
122398,Rock,train
122399,Rock,train
122400,Rock,val
122456,Electronic,test
122457,Electronic,train
122472,Rock,val
122473,Pop,train
122474,Pop,val
122475,Pop,train
122498,Pop,val
122499,Pop,train
122500,Pop,train
122503,Pop,train
122504,Pop,train
122510,Instrumental,train
122511,Instrumental,train
122533,Pop,train
122534,Pop,train
122578,Pop,train
122579,Pop,val
122620,Rock,val
122621,Instrumental,val
122622,Instrumental,train
122623,Instrumental,train
122624,Instrumental,train
122625,Instrumental,train
122626,Instrumental,train
122627,Instrumental,train
122628,Instrumental,train
122630,Instrumental,test
122631,Instrumental,test
122632,Instrumental,train
122633,Instrumental,train
122634,Instrumental,train
122635,Instrumental,train
122644,Instrumental,val
122645,Instrumental,train
122646,Instrumental,train
122647,Instrumental,train
122648,Instrumental,test
122649,Instrumental,train
122650,Instrumental,val
122651,Instrumental,train
122654,Instrumental,train
122671,Instrumental,test
122673,Instrumental,val
122675,Instrumental,val
122683,Rock,train
122685,Rock,train
122686,Rock,train
122798,Pop,train
122799,Pop,train
122800,Pop,train
122803,Pop,train
122804,Pop,train
122805,Pop,test
122806,Pop,train
122807,Pop,train
122808,Pop,train
122809,Pop,train
122810,Pop,test
122832,Electronic,train
122901,International,test
122910,Experimental,test
122911,Rock,test
122932,Folk,train
122934,Folk,train
122935,Folk,train
122936,Folk,train
122959,Experimental,test
122999,Electronic,val
123000,Electronic,train
123001,Electronic,train
123002,Electronic,test
123003,Electronic,train
123004,Electronic,train
123094,Folk,test
123096,Folk,test
123097,Folk,train
123099,Folk,train
123147,Hip-Hop,train
123273,Rock,train
123278,Rock,train
123333,Experimental,val
123342,Experimental,train
123427,Rock,val
123438,Hip-Hop,train
123439,Hip-Hop,train
123440,Hip-Hop,train
123441,Hip-Hop,test
123442,Hip-Hop,train
123458,Instrumental,train
123461,Instrumental,train
123467,Instrumental,train
123468,Instrumental,train
123474,Rock,train
123484,Instrumental,val
123485,Instrumental,train
123486,Instrumental,val
123487,Instrumental,test
123488,Instrumental,train
123490,Folk,train
123494,Folk,val
123501,Electronic,test
123502,Electronic,val
123503,Electronic,train
123504,Electronic,train
123505,Electronic,train
123506,Electronic,train
123509,Pop,val
123523,Instrumental,val
123614,Hip-Hop,train
123641,Hip-Hop,train
123645,Hip-Hop,val
123647,Hip-Hop,train
123760,Instrumental,train
123761,Instrumental,train
123762,Instrumental,test
123763,Instrumental,val
123764,Instrumental,train
123821,Rock,train
123825,Rock,val
123832,Rock,train
123834,Rock,test
123835,Rock,train
123866,Rock,train
123867,Rock,train
123868,Rock,train
123899,Folk,train
123932,Electronic,train
123933,Electronic,train
123934,Electronic,train
123935,Electronic,test
123936,Electronic,val
123937,Electronic,val
123938,Electronic,val
123964,Hip-Hop,train
123965,Hip-Hop,train
123966,Hip-Hop,val
123968,Hip-Hop,train
123969,Hip-Hop,train
123970,Hip-Hop,train
123971,Hip-Hop,val
123972,Hip-Hop,train
123973,Hip-Hop,train
123974,Hip-Hop,train
123975,Hip-Hop,test
123976,Hip-Hop,train
123977,Hip-Hop,val
123978,Hip-Hop,train
123979,Hip-Hop,test
123980,Hip-Hop,train
123981,Hip-Hop,train
123986,Hip-Hop,test
124154,Experimental,train
124175,Instrumental,train
124176,Instrumental,train
124177,Instrumental,val
124178,Instrumental,train
124179,Instrumental,train
124180,Instrumental,train
124181,Instrumental,val
124183,Instrumental,train
124184,Rock,train
124185,Rock,train
124186,Rock,val
124201,Rock,train
124231,Experimental,train
124391,Rock,train
124392,Rock,train
124393,Rock,train
124394,Rock,train
124409,Experimental,train
124411,Experimental,test
124424,Folk,test
124425,Folk,train
124426,Folk,train
124460,Rock,train
124461,Rock,train
124470,Rock,train
124474,Pop,train
124477,Pop,train
124479,Pop,train
124480,Pop,train
124481,Pop,val
124482,Pop,val
124483,Pop,val
124484,Pop,val
124485,Pop,train
124509,Experimental,train
124517,Experimental,train
124518,Experimental,train
124519,Experimental,train
124554,Electronic,train
124555,Electronic,train
124702,Hip-Hop,train
124752,Electronic,train
124753,Electronic,train
124754,Electronic,train
124755,Electronic,val
124756,Electronic,train
124870,Experimental,train
124872,Instrumental,train
124873,Instrumental,train
124874,Instrumental,train
124875,Instrumental,val
124876,Instrumental,val
124877,Instrumental,val
124891,Experimental,train
124892,Experimental,train
124912,Electronic,val
124913,Electronic,val
124915,Electronic,train
124916,Electronic,train
124917,Electronic,val
124918,Electronic,test
124971,Experimental,train
124992,Rock,train
124996,Rock,val
125001,Rock,train
125002,Rock,train
125003,Rock,train
125004,Rock,val
125154,Electronic,train
125156,Electronic,val
125157,Electronic,train
125158,Electronic,train
125159,Electronic,train
125160,Electronic,train
125161,Electronic,train
125182,Folk,train
125183,Folk,val
125185,Folk,train
125186,Folk,val
125187,Folk,train
125188,Folk,train
125189,Folk,train
125190,Folk,test
125191,Folk,val
125192,Folk,train
125193,Folk,train
125194,Folk,val
125195,Folk,test
125196,Folk,train
125237,Experimental,train
125238,Experimental,train
125239,Experimental,train
125240,Experimental,test
125286,Electronic,train
125287,Electronic,train
125288,Electronic,train
125289,Electronic,train
125291,Electronic,val
125293,Electronic,train
125298,Electronic,train
125299,Electronic,train
125312,International,train
125313,International,train
125314,International,train
125315,Electronic,val
125333,Experimental,train
125337,Experimental,val
125375,Pop,val
125377,Pop,train
125432,Rock,train
125551,Rock,val
125612,Instrumental,train
125614,Instrumental,train
125616,Instrumental,train
125617,Instrumental,train
125618,Instrumental,train
125620,Instrumental,test
125621,Instrumental,train
125622,Instrumental,train
125657,Instrumental,train
125659,Instrumental,train
125680,Instrumental,val
125681,Instrumental,train
125721,Pop,train
125722,Pop,train
125723,Pop,test
125774,Rock,train
125776,Rock,train
125777,Rock,train
125778,Rock,val
125779,Rock,train
125809,Instrumental,train
125812,Instrumental,test
125813,Instrumental,train
125814,Instrumental,train
125815,Instrumental,train
125816,Instrumental,val
125817,Instrumental,val
125818,Instrumental,train
125819,Instrumental,val
125820,Instrumental,train
125821,Instrumental,val
125822,Instrumental,test
125823,Instrumental,train
125824,Instrumental,train
125825,Instrumental,train
125826,Instrumental,train
125827,Instrumental,val
125999,Electronic,train
126014,Instrumental,train
126015,Instrumental,val
126016,Instrumental,train
126017,Instrumental,val
126018,Instrumental,train
126047,Rock,train
126055,Experimental,train
126102,Pop,train
126103,Pop,train
126104,Pop,train
126105,Pop,test
126180,Instrumental,train
126181,Instrumental,train
126182,Instrumental,test
126183,Instrumental,val
126185,Instrumental,train
126186,Instrumental,train
126187,Instrumental,train
126188,Instrumental,train
126189,Instrumental,val
126214,Instrumental,train
126215,Instrumental,train
126216,Instrumental,test
126217,Instrumental,val
126218,Instrumental,train
126219,Instrumental,train
126220,Instrumental,train
126221,Experimental,train
126223,Experimental,train
126224,Experimental,train
126225,Experimental,train
126226,Experimental,train
126227,Experimental,test
126229,Instrumental,train
126230,Instrumental,train
126231,Instrumental,val
126232,Instrumental,train
126233,Instrumental,train
126234,Instrumental,test
126240,Instrumental,train
126241,Instrumental,train
126242,Instrumental,train
126243,Instrumental,train
126276,Instrumental,train
126283,Instrumental,train
126289,Instrumental,val
126290,Instrumental,train
126291,Instrumental,train
126292,Electronic,train
126294,Rock,train
126295,Rock,train
126297,Rock,train
126300,Rock,val
126316,Instrumental,train
126317,Instrumental,train
126318,Instrumental,test
126319,Instrumental,val
126320,Instrumental,train
126321,Instrumental,val
126354,Pop,train
126357,Pop,train
126362,Pop,val
126398,Pop,train
126400,Pop,val
126401,Pop,train
126402,Pop,train
126403,Pop,train
126404,Pop,train
126405,Pop,train
126406,Pop,train
126407,Pop,val
126408,Instrumental,train
126409,Instrumental,train
126410,Instrumental,train
126411,Instrumental,train
126412,Instrumental,train
126413,Instrumental,train
126414,Instrumental,train
126415,Instrumental,val
126416,Instrumental,train
126417,Instrumental,train
126425,Pop,val
126426,Pop,train
126427,Pop,train
126428,Pop,train
126429,Pop,train
126430,Pop,train
126431,Pop,test
126455,Folk,train
126489,Folk,val
126490,Folk,test
126491,Folk,train
126505,Experimental,val
126506,Experimental,train
126507,Experimental,train
126508,Experimental,train
126510,Experimental,test
126512,Experimental,val
126516,Experimental,train
126519,Experimental,train
126520,Experimental,train
126521,Experimental,train
126522,Experimental,train
126550,Experimental,val
126557,Experimental,val
126559,Experimental,train
126584,Instrumental,train
126585,Instrumental,train
126586,Instrumental,train
126587,Instrumental,val
126588,Instrumental,train
126589,Instrumental,train
126598,Rock,train
126600,Experimental,train
126601,Experimental,train
126602,Experimental,val
126603,Experimental,train
126605,Experimental,train
126606,Experimental,train
126607,Experimental,train
126608,Experimental,train
126646,Instrumental,train
126666,Rock,test
126667,Rock,train
126668,Rock,train
126669,Rock,train
126670,Rock,val
126671,Rock,train
126672,Rock,train
126673,Rock,test
126674,Rock,train
126675,Rock,train
126676,Rock,train
126716,Instrumental,train
126717,Instrumental,val
126718,Instrumental,train
126719,Instrumental,train
126720,Instrumental,val
126743,Folk,train
126746,Folk,train
126747,Folk,train
126748,Folk,train
126749,Folk,train
126773,Electronic,val
126778,Folk,train
126781,Folk,train
126782,Folk,test
126786,Folk,train
126789,Folk,test
126790,Folk,val
126882,Instrumental,train
126883,Instrumental,train
126884,Instrumental,train
126885,Instrumental,train
126886,Instrumental,val
126887,Instrumental,val
126899,Electronic,test
126900,Electronic,val
126944,Rock,train
126979,Folk,train
127036,Instrumental,train
127037,Instrumental,train
127062,Folk,val
127066,Folk,train
127155,Experimental,train
127159,Electronic,train
127180,Pop,val
127181,Pop,train
127182,Pop,test
127183,Pop,train
127184,Pop,train
127185,Pop,train
127186,Pop,train
127187,Pop,test
127188,Pop,val
127189,Pop,train
127190,Folk,train
127191,Folk,test
127192,Folk,train
127193,Folk,train
127194,Folk,val
127203,Pop,train
127204,Pop,test
127205,Pop,train
127206,Pop,train
127207,Instrumental,train
127208,Instrumental,val
127209,Instrumental,train
127210,Instrumental,train
127211,Instrumental,train
127212,Instrumental,train
127263,Electronic,test
127265,Folk,train
127266,Folk,val
127267,Folk,train
127268,Pop,train
127269,Pop,test
127271,Pop,train
127273,Pop,train
127274,Pop,val
127275,Pop,train
127276,Pop,train
127277,Pop,train
127278,Pop,train
127279,Pop,train
127280,Pop,train
127281,Pop,train
127285,Pop,test
127286,Pop,train
127287,Pop,train
127288,Pop,train
127289,Pop,val
127290,Pop,train
127294,Pop,train
127295,Pop,train
127296,Pop,train
127297,Pop,train
127298,Pop,train
127299,Pop,train
127300,Pop,train
127301,Pop,train
127302,Pop,val
127303,Pop,val
127330,Rock,train
127331,Instrumental,train
127339,Rock,train
127343,Electronic,train
127349,Electronic,train
127350,Electronic,train
127356,International,test
127357,International,train
127358,International,train
127359,International,train
127360,International,train
127402,Experimental,test
127422,Experimental,train
127469,Experimental,val
127484,Experimental,train
127494,Instrumental,val
127495,Instrumental,train
127496,Instrumental,test
127497,Instrumental,train
127498,Instrumental,train
127499,Instrumental,val
127519,Instrumental,train
127520,Instrumental,train
127532,Experimental,train
127541,Experimental,val
127542,Experimental,val
127559,Rock,train
127620,Pop,test
127623,Pop,train
127648,Instrumental,val
127660,Instrumental,val
127661,Instrumental,train
127662,Instrumental,val
127663,Instrumental,train
127720,Rock,train
127722,Folk,train
127726,Folk,val
127798,Experimental,test
127804,Electronic,val
127806,Electronic,test
127865,International,train
127866,International,train
127867,International,train
127868,International,val
127869,International,train
127870,International,train
127871,International,train
127878,Experimental,train
127908,Pop,train
127909,Pop,train
127910,Pop,val
127911,Pop,train
127912,Pop,train
127913,Pop,train
127914,Pop,test
127915,Pop,train
127916,Folk,val
127936,Electronic,val
127996,Instrumental,train
128441,Hip-Hop,train
128443,Hip-Hop,train
128448,Rock,train
128469,Instrumental,train
128470,Instrumental,train
128471,Instrumental,val
128472,Instrumental,train
128473,Instrumental,test
128476,Pop,train
128477,Pop,train
128482,Pop,train
128484,Pop,train
128494,Hip-Hop,val
128500,Folk,train
128504,Rock,train
128619,Instrumental,train
128666,Hip-Hop,train
128668,Hip-Hop,train
128699,Rock,train
128709,Rock,train
128710,Rock,train
128711,Rock,test
128758,Electronic,train
128759,Electronic,train
128760,Electronic,train
128799,Experimental,train
128811,Instrumental,train
128812,Instrumental,train
128813,Instrumental,train
128814,Instrumental,train
128815,Instrumental,val
128816,Instrumental,train
128825,Experimental,val
128827,Experimental,train
128828,Experimental,val
128835,Experimental,val
128845,Experimental,val
128878,Experimental,val
128879,Experimental,train
128880,Experimental,val
128881,Experimental,test
128882,Experimental,val
128885,Instrumental,train
128886,Instrumental,val
128887,Instrumental,train
128888,Instrumental,train
128927,Hip-Hop,train
128992,Experimental,train
129039,Instrumental,train
129040,Instrumental,train
129042,Instrumental,train
129043,Instrumental,train
129044,Instrumental,train
129046,Rock,train
129048,Pop,train
129049,Pop,train
129051,Pop,train
129052,Pop,train
129053,Pop,train
129054,Pop,train
129055,Pop,val
129056,Pop,val
129088,Rock,train
129089,Rock,train
129090,Rock,train
129091,Rock,train
129092,Rock,val
129093,Rock,val
129094,Rock,train
129095,Rock,train
129096,Rock,train
129097,Rock,train
129098,Rock,train
129184,Instrumental,val
129185,Instrumental,train
129186,Instrumental,test
129187,Instrumental,test
129188,Instrumental,train
129189,Instrumental,train
129190,Instrumental,train
129268,Rock,train
129362,Pop,train
129372,Pop,train
129374,Pop,train
129375,Pop,train
129391,Pop,train
129392,Pop,val
129393,Pop,train
129395,International,test
129396,International,train
129397,International,train
129398,International,train
129399,Rock,val
129400,International,train
129401,International,train
129402,International,test
129403,International,train
129404,International,train
129405,International,train
129406,International,val
129407,International,train
129439,Folk,train
129442,Folk,train
129444,Folk,train
129620,Experimental,train
129622,Experimental,val
129624,Experimental,train
129674,Hip-Hop,val
129675,Hip-Hop,val
129683,Folk,train
129694,Folk,train
129695,Folk,train
129696,Folk,train
129742,Electronic,train
129806,Hip-Hop,train
129807,Hip-Hop,train
129808,Hip-Hop,train
129816,International,train
129874,International,test
129875,International,val
129876,International,train
129879,International,val
129880,International,train
129882,International,train
129883,International,train
129884,International,test
129885,International,train
129886,International,train
129887,International,val
129889,International,train
129904,Hip-Hop,train
129910,Hip-Hop,train
129914,Hip-Hop,val
129915,Hip-Hop,val
129918,Hip-Hop,val
129919,Hip-Hop,train
129920,Hip-Hop,train
129922,International,train
129923,International,train
129924,International,train
129925,International,train
129926,International,val
129927,International,train
129962,Rock,test
129968,Rock,train
129969,Rock,train
129970,Rock,val
129972,Rock,train
129973,Rock,train
129997,Rock,test
130016,Rock,train
130084,Rock,test
130129,Electronic,val
130130,Electronic,train
130131,Electronic,val
130132,Electronic,val
130133,Electronic,test
130134,Electronic,train
130135,Electronic,train
130136,Electronic,val
130137,Electronic,train
130168,Hip-Hop,train
130170,Hip-Hop,train
130218,Hip-Hop,train
130265,Pop,train
130347,Folk,val
130349,Folk,train
130367,Pop,test
130368,Pop,train
130369,Pop,val
130370,Pop,val
130371,Pop,train
130372,Pop,train
130440,Hip-Hop,train
130454,Hip-Hop,train
130456,Hip-Hop,train
130650,Hip-Hop,train
130667,Folk,train
130682,Rock,train
130683,Rock,test
130689,Rock,test
130691,Rock,val
130692,Rock,val
130693,Rock,train
130702,Hip-Hop,train
130709,Hip-Hop,train
130710,Hip-Hop,train
130711,Hip-Hop,val
130752,Instrumental,test
130758,Folk,val
130920,Electronic,val
130921,Electronic,train
130922,Electronic,train
130923,Electronic,train
130927,Instrumental,train
130929,Instrumental,train
130930,Instrumental,train
130931,Instrumental,train
130932,Instrumental,train
130933,Instrumental,train
130934,Instrumental,val
130937,Folk,test
130940,Folk,train
130944,Folk,train
130945,Folk,train
130948,Folk,train
130950,Folk,train
130951,Folk,train
130952,Folk,train
130953,Folk,train
130954,Folk,train
130955,Folk,val
130956,Folk,val
130963,Folk,test
130964,Folk,train
130986,Experimental,val
130988,Instrumental,train
130989,Instrumental,train
130990,Instrumental,train
130991,Instrumental,train
130992,Instrumental,train
130993,Instrumental,train
131016,Hip-Hop,train
131019,Hip-Hop,train
131020,Hip-Hop,val
131021,Hip-Hop,train
131024,Experimental,train
131166,Rock,train
131292,Rock,train
131323,Instrumental,train
131324,Instrumental,train
131325,Instrumental,val
131326,Instrumental,train
131327,Instrumental,val
131385,Experimental,train
131410,Experimental,train
131422,Hip-Hop,train
131425,Hip-Hop,train
131426,Hip-Hop,train
131436,Pop,val
131439,Pop,val
131444,Pop,train
131446,Pop,train
131448,Pop,train
131449,Pop,train
131451,Pop,train
131452,Pop,val
131453,Pop,train
131454,Pop,val
131476,Instrumental,train
131536,Rock,val
131540,Experimental,train
131552,Rock,train
131553,Rock,train
131554,Rock,train
131567,Experimental,train
131624,Experimental,train
131656,Rock,train
131657,Rock,train
131658,Rock,val
131764,Pop,train
131767,Pop,train
131770,Pop,val
131771,Pop,train
131772,Pop,train
131773,Pop,train
131774,Pop,train
131787,Instrumental,test
131789,Instrumental,val
131791,Instrumental,train
131792,Instrumental,train
131794,Instrumental,train
131795,Instrumental,train
131796,Instrumental,train
131797,Instrumental,test
131837,Instrumental,val
131897,Folk,train
131899,Folk,val
131900,Folk,val
131901,Folk,train
131902,Folk,train
131903,Folk,train
131904,Folk,train
131911,Instrumental,train
131912,Instrumental,train
131913,Instrumental,test
131914,Instrumental,train
131917,Instrumental,train
131918,Instrumental,train
131919,Instrumental,train
131922,Instrumental,val
131923,Instrumental,train
131924,Instrumental,train
131925,Instrumental,train
131932,International,train
131933,International,train
131934,International,train
131935,International,val
131936,International,train
131938,International,train
131939,International,train
131940,International,train
131941,International,train
131942,International,train
131950,International,train
131951,International,train
131952,International,val
131953,International,train
131978,Rock,train
131979,Rock,train
131980,Instrumental,train
131982,Instrumental,train
131983,Instrumental,train
131984,Instrumental,train
131985,Instrumental,train
131986,Instrumental,train
132019,Experimental,val
132040,Folk,train
132041,Folk,train
132042,Folk,train
132045,Folk,train
132117,Hip-Hop,test
132118,Hip-Hop,test
132122,Pop,train
132134,Electronic,train
132138,Electronic,train
132139,International,train
132140,International,train
132141,International,train
132142,International,train
132171,Rock,train
132272,Experimental,val
132310,Instrumental,train
132420,Electronic,train
132424,Experimental,test
132434,Experimental,val
132436,Experimental,train
132448,Electronic,val
132449,Folk,train
132453,Folk,val
132454,Folk,train
132455,Folk,train
132456,Folk,val
132561,Instrumental,train
132566,Instrumental,train
132567,Instrumental,train
132568,Instrumental,train
132589,Experimental,train
132675,Instrumental,train
132677,Instrumental,train
132678,Instrumental,train
132679,Instrumental,train
132773,Electronic,train
132774,Electronic,val
132775,Electronic,train
132778,Pop,train
132779,Pop,test
132781,Pop,test
132784,Pop,train
132786,Pop,train
132787,Pop,train
132788,Pop,val
132789,Pop,train
132790,Pop,val
132791,Pop,train
132792,Pop,val
132793,Pop,train
132794,Pop,train
132795,Pop,test
132914,Rock,train
132954,Hip-Hop,train
132961,Hip-Hop,train
132962,Hip-Hop,train
132963,Hip-Hop,train
132964,Hip-Hop,train
132965,Hip-Hop,val
133015,Electronic,train
133016,Electronic,val
133019,Electronic,test
133020,Electronic,train
133022,Electronic,train
133023,Electronic,val
133024,Electronic,train
133025,Electronic,val
133026,Electronic,train
133027,Electronic,train
133028,Electronic,train
133029,Electronic,train
133100,Instrumental,train
133102,Instrumental,train
133272,Rock,train
133273,Rock,train
133274,Rock,train
133275,Rock,train
133276,Rock,train
133293,Experimental,train
133294,Experimental,train
133297,Experimental,val
133332,Experimental,train
133333,Experimental,train
133431,Instrumental,val
133432,Instrumental,test
133433,Instrumental,train
133434,Instrumental,train
133435,Instrumental,train
133436,Instrumental,train
133437,Instrumental,train
133438,Instrumental,val
133439,Instrumental,train
133440,Instrumental,train
133441,Instrumental,train
133442,Instrumental,train
133443,Instrumental,train
133444,Instrumental,val
133445,Instrumental,val
133446,Instrumental,train
133447,Instrumental,val
133448,Instrumental,train
133449,Instrumental,train
133450,Instrumental,train
133451,Instrumental,train
133452,Instrumental,val
133453,Instrumental,train
133454,Instrumental,train
133455,Instrumental,train
133456,Instrumental,train
133457,Instrumental,train
133459,Instrumental,val
133479,Rock,train
133535,Instrumental,train
133537,Instrumental,train
133538,Instrumental,train
133544,Instrumental,train
133545,Instrumental,train
133546,Instrumental,train
133551,Instrumental,test
133553,Instrumental,train
133560,Instrumental,train
133561,Instrumental,train
133562,Instrumental,val
133563,Instrumental,train
133564,Instrumental,train
133567,Instrumental,val
133571,Instrumental,test
133572,Instrumental,val
133573,Instrumental,train
133574,Instrumental,test
133576,Instrumental,train
133579,Instrumental,test
133580,Instrumental,val
133632,Rock,train
133638,Folk,val
133639,Folk,val
133681,Instrumental,train
133729,Rock,train
133731,Rock,val
133770,Experimental,test
133772,Rock,train
133780,Folk,train
133781,Folk,train
133788,Folk,val
133793,Folk,train
133798,Folk,val
133802,Folk,val
133803,Folk,train
133833,Rock,train
133835,International,train
133836,International,train
133837,International,train
133838,International,val
133916,Experimental,train
133942,Instrumental,train
133943,Instrumental,train
133967,Instrumental,train
133968,Instrumental,train
133969,Instrumental,train
133970,Instrumental,train
133971,Instrumental,train
133972,Instrumental,train
133973,Instrumental,val
133974,Instrumental,train
133975,Instrumental,train
133976,Instrumental,train
133977,Instrumental,val
133978,Instrumental,val
134034,Rock,val
134052,Electronic,train
134053,Electronic,val
134054,Electronic,test
134073,Folk,train
134077,Folk,test
134084,Folk,test
134094,Experimental,train
134359,Electronic,val
134384,Pop,test
134385,Pop,train
134388,Pop,train
134389,Pop,train
134443,Instrumental,test
134444,Instrumental,val
134445,Instrumental,train
134446,Electronic,val
134447,Electronic,test
134448,Electronic,train
134449,Instrumental,train
134452,Instrumental,val
134453,Instrumental,train
134454,Instrumental,val
134455,Instrumental,test
134486,Pop,train
134509,Hip-Hop,val
134510,Hip-Hop,train
134580,Instrumental,train
134586,Instrumental,train
134594,Rock,train
134610,Hip-Hop,train
134631,Experimental,train
134643,Experimental,train
134790,Instrumental,train
134791,Instrumental,train
134792,Instrumental,train
134793,Instrumental,val
134794,Instrumental,train
134795,Instrumental,train
134796,Instrumental,test
134797,Instrumental,train
134801,Electronic,train
134823,Hip-Hop,train
134824,Hip-Hop,test
134825,Hip-Hop,train
134826,Hip-Hop,val
134827,Hip-Hop,train
134918,International,train
134919,International,test
134922,International,train
134923,International,train
134928,International,train
134929,International,train
134930,International,test
134931,International,train
134932,International,train
134933,International,train
134934,International,train
134935,International,train
134936,International,train
134937,International,train
134938,International,train
134939,International,train
134940,International,train
134941,International,val
134942,International,val
134943,International,train
134947,International,val
134948,International,train
134949,International,val
134950,International,train
134951,International,train
134952,International,val
134956,International,val
134959,International,val
134962,International,train
134979,Folk,train
134981,Folk,train
135010,Folk,train
135028,Folk,val
135039,Folk,train
135043,Folk,train
135044,Folk,test
135054,Experimental,train
135089,Experimental,train
135091,Experimental,train
135092,Experimental,test
135219,International,train
135220,International,train
135221,International,test
135222,International,train
135223,International,val
135224,International,val
135225,International,val
135226,International,test
135227,International,train
135228,International,train
135229,International,train
135336,Pop,train
135337,Pop,train
135338,Pop,val
135339,Pop,test
135340,Pop,train
135341,Pop,train
135342,Pop,train
135363,Rock,train
135364,Rock,train
135365,Rock,train
135368,Rock,train
135369,Rock,train
135370,Rock,train
135371,Rock,train
135372,Rock,train
135373,Rock,val
135374,Rock,test
135375,Rock,train
135986,Electronic,train
135989,Electronic,train
135990,Electronic,train
136054,Rock,train
136091,Rock,train
136094,Rock,train
136134,Folk,train
136137,Folk,train
136138,Folk,val
136275,Rock,val
136276,Instrumental,val
136320,Electronic,train
136321,Electronic,val
136322,Electronic,val
136323,Electronic,train
136324,Electronic,train
136331,Instrumental,train
136404,Rock,test
136424,Electronic,train
136449,Hip-Hop,train
136465,Hip-Hop,train
136466,Hip-Hop,train
136467,Hip-Hop,train
136468,Hip-Hop,train
136469,Hip-Hop,train
136705,Rock,train
136706,Rock,val
136707,Rock,train
136708,Rock,train
136709,Rock,train
136928,Experimental,val
136994,International,val
136995,International,train
137054,Electronic,train
137151,Electronic,train
137152,Electronic,train
137166,Instrumental,train
137167,Instrumental,train
137168,Instrumental,test
137169,Instrumental,test
137170,Instrumental,train
137171,Instrumental,val
137172,Instrumental,train
137173,Instrumental,train
137174,Instrumental,train
137175,Instrumental,test
137176,Instrumental,train
137211,Rock,train
137212,Rock,val
137213,Rock,test
137214,Rock,val
137356,Rock,train
137417,Rock,val
137418,Rock,train
137419,Rock,test
137423,Rock,val
137424,Rock,train
137425,Rock,train
137426,Rock,val
137462,Electronic,val
137463,Electronic,val
137484,Experimental,train
137500,Experimental,test
137551,Experimental,train
137561,Experimental,train
137563,Experimental,train
137567,Rock,val
137593,Rock,train
137605,Rock,val
137624,Rock,val
137627,Rock,val
137630,Rock,train
137631,Rock,test
137632,Rock,train
137715,Rock,train
137716,Rock,train
137717,Rock,val
137719,Rock,train
137720,Rock,train
137721,Rock,train
137722,Rock,val
137723,Rock,train
137724,Rock,train
137725,Rock,train
137740,Rock,test
137895,Hip-Hop,train
137896,Hip-Hop,val
137898,Hip-Hop,train
137899,Hip-Hop,train
137900,Hip-Hop,val
137901,Hip-Hop,train
137907,Folk,val
137935,Rock,train
137990,Folk,train
137998,Rock,train
138010,Rock,train
138015,Folk,train
138016,Folk,train
138017,Folk,train
138018,Instrumental,train
138019,Instrumental,val
138020,Instrumental,train
138021,Instrumental,train
138022,Instrumental,test
138023,Instrumental,train
138024,Instrumental,train
138025,Instrumental,train
138026,Instrumental,val
138038,Pop,val
138039,Pop,train
138040,Pop,train
138041,Pop,val
138053,Rock,train
138060,Rock,train
138061,Rock,val
138062,Pop,val
138063,Pop,train
138064,Pop,test
138065,Pop,val
138066,Pop,val
138067,Pop,train
138068,Pop,train
138069,Pop,train
138070,Pop,train
138071,Pop,train
138207,Rock,train
138210,Rock,test
138211,Rock,test
138212,Hip-Hop,train
138213,Hip-Hop,train
138215,Hip-Hop,train
138216,Hip-Hop,test
138217,Hip-Hop,train
138218,Hip-Hop,train
138256,Experimental,train
138282,Rock,train
138306,Rock,train
138311,Rock,train
138317,Rock,train
138318,Rock,train
138319,Rock,test
138320,Rock,train
138351,Rock,train
138355,Rock,val
138406,Folk,train
138410,Folk,train
138413,Folk,val
138414,Folk,test
138415,Folk,val
138416,Folk,train
138578,Electronic,train
138579,Electronic,train
138580,Electronic,train
138581,Electronic,train
139003,Instrumental,train
139043,Pop,train
139110,Folk,train
139112,Folk,train
139117,Rock,test
139123,Rock,train
139226,Electronic,train
139329,Experimental,train
139330,Experimental,val
139461,Rock,train
139485,Instrumental,train
139491,Instrumental,train
139520,Folk,train
139521,Folk,val
139522,Folk,train
139523,Folk,train
139524,Folk,train
139532,Instrumental,train
139534,Instrumental,train
139536,Instrumental,train
139537,Instrumental,train
139637,Experimental,test
139638,Experimental,val
139663,Experimental,val
139681,Experimental,val
139687,Experimental,val
139688,Experimental,val
139769,Rock,train
139770,Rock,train
139771,Instrumental,val
139772,Instrumental,train
139773,Instrumental,test
139774,Instrumental,test
139775,Instrumental,train
139776,Instrumental,train
139777,Instrumental,train
139804,Experimental,test
139862,Experimental,train
139876,Experimental,train
139933,Electronic,train
139934,Electronic,test
139935,Electronic,train
139936,Electronic,test
139937,Electronic,train
139954,Electronic,train
139990,Electronic,train
139991,Electronic,test
139992,Electronic,train
139993,Electronic,train
139994,Electronic,train
139995,Electronic,train
140043,Rock,train
140134,Electronic,train
140135,Electronic,train
140258,Electronic,train
140259,Electronic,train
140260,Electronic,val
140261,Electronic,val
140262,Electronic,train
140263,Electronic,val
140266,Experimental,train
140316,Experimental,val
140344,Electronic,test
140421,Rock,train
140564,Electronic,train
140565,Electronic,train
140566,Electronic,train
140576,Rock,train
140583,Folk,train
140584,International,train
140609,Hip-Hop,train
140620,Hip-Hop,train
140621,Hip-Hop,train
140623,Hip-Hop,train
140625,Hip-Hop,val
140626,Hip-Hop,test
140788,Folk,test
140789,Folk,train
140790,Folk,train
140791,Folk,train
140794,Folk,val
140871,Folk,train
140872,Folk,train
140873,Folk,val
140874,Folk,train
140875,Folk,train
140922,Electronic,train
140923,Electronic,val
140924,Electronic,train
140925,Electronic,train
140926,Electronic,train
140933,Electronic,train
140934,Electronic,train
140935,Experimental,train
140939,Experimental,train
141074,Instrumental,train
141137,Instrumental,train
141139,Instrumental,train
141141,Instrumental,train
141143,Instrumental,train
141144,Instrumental,train
141164,Hip-Hop,test
141166,Hip-Hop,val
141167,Hip-Hop,train
141168,Hip-Hop,train
141173,Rock,train
141179,Pop,train
141180,Pop,train
141181,Pop,val
141182,Pop,train
141264,Experimental,train
141282,Instrumental,train
141283,Instrumental,train
141284,Instrumental,val
141285,Instrumental,val
141286,Instrumental,train
141287,Instrumental,train
141288,Instrumental,test
141289,Instrumental,train
141290,Instrumental,train
141291,Instrumental,train
141292,Instrumental,train
141293,Instrumental,train
141295,Instrumental,test
141296,Instrumental,test
141297,Instrumental,train
141299,Instrumental,train
141300,Instrumental,test
141303,Instrumental,train
141304,Hip-Hop,train
141310,Electronic,train
141375,Hip-Hop,train
141561,Hip-Hop,val
141562,Hip-Hop,train
141564,Hip-Hop,train
141566,Hip-Hop,train
141567,Hip-Hop,test
141568,Hip-Hop,val
141569,Hip-Hop,train
141590,International,train
141591,International,train
141592,International,train
141593,International,train
141594,International,train
141616,Electronic,val
141617,Electronic,train
141618,Electronic,train
141619,Electronic,train
141735,Hip-Hop,val
141873,Electronic,train
141874,Electronic,train
141875,Electronic,train
141876,Instrumental,train
141877,Rock,val
141878,Rock,train
141894,Rock,train
141901,Pop,train
141902,Pop,train
141903,Pop,train
141972,Experimental,train
142078,Electronic,train
142079,Electronic,train
142080,Electronic,test
142081,Electronic,train
142082,Hip-Hop,train
142083,Hip-Hop,train
142084,Hip-Hop,val
142085,Hip-Hop,train
142086,Hip-Hop,train
142087,Hip-Hop,train
142088,Hip-Hop,train
142089,Hip-Hop,train
142091,Hip-Hop,train
142092,Hip-Hop,val
142093,Hip-Hop,train
142094,Instrumental,train
142096,Instrumental,train
142097,Instrumental,train
142098,Instrumental,train
142128,Rock,val
142129,Folk,train
142132,Folk,train
142133,Folk,test
142358,Hip-Hop,train
142359,Hip-Hop,train
142360,Hip-Hop,val
142361,Hip-Hop,test
142362,Hip-Hop,test
142381,Instrumental,train
142402,Rock,test
142418,Rock,train
142433,Instrumental,train
142511,Rock,val
142516,Folk,train
142517,Folk,train
142519,Folk,train
142528,Folk,train
142529,Folk,train
142530,Folk,train
142531,Folk,train
142532,Folk,val
142533,International,train
142534,International,train
142535,International,test
142536,International,val
142537,International,train
142538,International,train
142539,International,train
142549,Pop,val
142550,Pop,train
142551,Pop,train
142552,Pop,train
142553,Pop,train
142563,Rock,train
142564,International,train
142565,International,val
142566,International,train
142567,International,train
142568,International,test
142569,International,train
142570,International,train
142571,International,val
142572,International,train
142573,International,val
142574,International,train
142575,International,train
142576,International,train
142577,International,train
142579,International,train
142641,Instrumental,test
142666,Hip-Hop,train
142668,Hip-Hop,val
142669,Hip-Hop,train
142670,Hip-Hop,train
142671,Hip-Hop,train
142672,Hip-Hop,test
142947,Rock,val
142948,Rock,train
142949,Rock,train
142950,Rock,train
143039,Experimental,val
143046,Electronic,test
143055,Electronic,train
143056,Electronic,val
143057,Electronic,val
143058,Electronic,train
143059,Electronic,train
143060,Electronic,train
143061,Electronic,val
143095,Rock,train
143097,Rock,val
143098,Rock,train
143099,Rock,test
143106,Rock,train
143186,Experimental,train
143214,Rock,test
143215,Rock,train
143216,Rock,test
143217,Rock,val
143218,Rock,val
143219,Rock,train
143220,Rock,train
143221,Rock,val
143237,Pop,train
143239,Instrumental,train
143290,Hip-Hop,train
143295,Instrumental,train
143296,Instrumental,val
143299,Instrumental,train
143300,Instrumental,train
143303,Instrumental,train
143304,Instrumental,train
143305,Instrumental,train
143306,Instrumental,test
143307,Instrumental,train
143308,Instrumental,train
143309,Instrumental,train
143318,Rock,train
143319,Rock,train
143532,Electronic,train
143941,Instrumental,val
143989,Rock,train
143995,Rock,train
144170,Hip-Hop,train
144171,Hip-Hop,test
144172,Hip-Hop,val
144173,Hip-Hop,test
144179,Hip-Hop,val
144180,Hip-Hop,test
144181,Hip-Hop,train
144182,Hip-Hop,val
144212,Hip-Hop,train
144213,Hip-Hop,train
144214,Hip-Hop,train
144215,Hip-Hop,train
144216,Hip-Hop,train
144423,Electronic,train
144424,Electronic,train
144454,Instrumental,train
144465,Folk,val
144466,Folk,train
144467,Folk,train
144468,Folk,train
144469,Folk,train
144470,Folk,train
144471,Folk,train
144472,Folk,train
144473,Folk,train
144474,Folk,train
144475,Folk,val
144476,Folk,val
144477,Folk,train
144487,Experimental,train
144492,Experimental,train
144542,Folk,train
144543,Folk,val
144544,Folk,train
144545,Folk,train
144546,Folk,train
144547,Folk,train
144548,Folk,train
144549,Folk,train
144550,Folk,train
144551,Folk,train
144552,Folk,val
144587,Pop,train
144592,Electronic,train
144600,Instrumental,train
144733,Electronic,train
144740,Hip-Hop,train
144741,Hip-Hop,test
144801,Instrumental,train
144809,Experimental,train
144810,Experimental,train
144933,Pop,val
144934,Pop,train
144935,Pop,test
144936,Pop,train
144937,Pop,val
144938,Pop,train
144939,Pop,train
144940,Pop,val
144941,Pop,train
144942,Pop,train
144943,Pop,val
144944,Pop,train
144945,Pop,train
144946,Pop,val
145002,Folk,val
145003,Folk,train
145004,Folk,train
145005,Folk,val
145020,Rock,train
145027,Rock,train
145041,Electronic,train
145042,Electronic,train
145043,Experimental,train
145058,Experimental,train
145059,Experimental,test
145067,Rock,train
145068,Rock,train
145074,Experimental,train
145183,Instrumental,test
145189,Instrumental,train
145199,Rock,train
145241,Rock,train
145257,Rock,train
145258,Rock,test
145259,Rock,train
145260,Rock,train
145431,Instrumental,train
145432,Instrumental,train
145457,Instrumental,train
145458,Instrumental,train
145462,Electronic,train
145464,Electronic,train
145475,Instrumental,val
145476,Instrumental,train
145477,Instrumental,val
145549,Electronic,val
145550,Folk,train
145551,Folk,train
145552,Folk,val
145553,Folk,train
145554,Folk,train
145555,Folk,val
145556,Folk,train
145606,Rock,train
145607,Rock,val
145608,Rock,train
145609,Rock,train
145610,Rock,train
145645,Electronic,train
145646,Electronic,train
145653,Pop,val
145702,Pop,train
145703,Pop,test
145704,Pop,train
145705,Pop,test
145706,Pop,test
145707,Pop,train
145708,Pop,train
145709,Pop,train
145710,Pop,train
145711,Pop,train
145724,Hip-Hop,val
145727,Hip-Hop,test
145728,Hip-Hop,train
145729,Hip-Hop,train
145730,Hip-Hop,train
145741,Hip-Hop,val
145742,Hip-Hop,test
145743,Hip-Hop,train
145744,Hip-Hop,val
145745,Hip-Hop,train
145746,Hip-Hop,train
145747,Hip-Hop,train
145748,Hip-Hop,train
145749,Hip-Hop,train
145750,Hip-Hop,train
145751,Hip-Hop,val
145752,Electronic,train
145754,Electronic,val
145755,Electronic,train
145756,Electronic,train
145757,Electronic,train
145758,Electronic,val
145759,Electronic,val
145760,Electronic,test
145761,Electronic,train
145762,Instrumental,train
145777,Instrumental,train
145780,Rock,train
145783,Rock,train
145887,Instrumental,train
145917,Electronic,train
145918,Electronic,train
146017,Instrumental,test
146018,Instrumental,test
146019,Instrumental,train
146020,Instrumental,train
146070,Experimental,train
146147,Hip-Hop,val
146148,Hip-Hop,train
146149,Hip-Hop,train
146150,Hip-Hop,train
146151,Hip-Hop,val
146152,Hip-Hop,val
146153,Hip-Hop,train
146343,Experimental,test
146458,Electronic,train
146478,Rock,train
146481,Rock,train
146482,Rock,train
146483,Rock,val
146639,Folk,train
146681,Hip-Hop,test
146683,Hip-Hop,train
146685,Hip-Hop,train
146687,Hip-Hop,val
146689,Hip-Hop,train
146713,Hip-Hop,train
146716,Hip-Hop,train
146724,Hip-Hop,train
146725,Hip-Hop,train
146726,Hip-Hop,train
146727,Hip-Hop,train
146879,Electronic,val
146961,Folk,val
146968,Folk,val
146969,Folk,val
146970,Folk,val
146988,Experimental,train
146989,Experimental,train
147020,Hip-Hop,train
147021,Hip-Hop,train
147022,Hip-Hop,train
147023,Hip-Hop,val
147024,Hip-Hop,val
147059,Experimental,val
147085,Experimental,test
147086,Experimental,train
147087,Experimental,val
147126,Instrumental,test
147191,Electronic,train
147261,Hip-Hop,train
147265,Hip-Hop,train
147267,Hip-Hop,train
147268,Hip-Hop,test
147269,Hip-Hop,train
147295,Folk,train
147309,Instrumental,train
147409,Rock,train
147412,Rock,train
147413,Rock,train
147780,Electronic,train
147815,Electronic,train
147886,Hip-Hop,train
147956,Rock,train
148002,Instrumental,val
148028,Hip-Hop,train
148031,Hip-Hop,train
148032,Hip-Hop,val
148066,International,train
148070,International,test
148074,International,val
148075,International,val
148076,International,test
148077,International,test
148078,International,test
148079,International,train
148082,Experimental,train
148099,Experimental,train
148112,Instrumental,train
148113,Instrumental,train
148114,Instrumental,train
148120,Instrumental,val
148121,Instrumental,train
148124,Instrumental,val
148130,Instrumental,train
148131,Instrumental,train
148132,Instrumental,val
148133,Instrumental,train
148168,Experimental,train
148186,Folk,train
148187,Folk,val
148190,Folk,train
148208,Folk,train
148210,Folk,train
148211,Folk,test
148212,Folk,train
148213,Folk,train
148214,Folk,train
148215,Folk,val
148216,Folk,train
148217,Folk,train
148218,Folk,train
148231,Folk,train
148233,Folk,test
148234,Folk,train
148235,Folk,train
148246,Rock,train
148285,Pop,val
148286,Pop,train
148287,Pop,train
148288,Pop,train
148289,Pop,train
148290,Pop,train
148302,Experimental,test
148303,Experimental,train
148305,Experimental,train
148429,International,test
148430,International,test
148439,Electronic,train
148441,Electronic,val
148443,Electronic,train
148444,Electronic,train
148510,Pop,val
148513,Pop,train
148514,Pop,train
148516,Pop,train
148517,Pop,test
148518,Pop,train
148519,Pop,train
148532,Folk,train
148535,Folk,test
148536,Rock,val
148537,Rock,train
148584,Pop,test
148585,Pop,train
148586,Pop,train
148587,Pop,test
148602,Folk,test
148603,Folk,train
148604,Folk,train
148605,Folk,val
148606,Pop,train
148607,Pop,train
148608,Pop,val
148609,Pop,val
148610,Pop,train
148611,Pop,train
148612,Pop,train
148613,Pop,val
148773,Electronic,train
149075,Pop,train
149078,Pop,train
149082,Pop,train
149083,Pop,train
149099,Pop,val
149100,Pop,train
149101,Pop,train
149102,Pop,train
149103,Pop,train
149118,Hip-Hop,test
149124,Hip-Hop,train
149138,Hip-Hop,train
149139,Instrumental,train
149140,Instrumental,train
149141,Instrumental,test
149142,Instrumental,test
149143,Instrumental,val
149185,Electronic,test
149369,Hip-Hop,train
149370,Hip-Hop,train
149416,Rock,train
149417,Rock,train
149422,Experimental,train
149452,Rock,train
149488,Rock,val
149523,Rock,train
149623,Hip-Hop,train
149625,Hip-Hop,train
149626,Hip-Hop,val
149687,Hip-Hop,test
149689,Hip-Hop,train
149690,Hip-Hop,test
149700,Electronic,train
149701,Electronic,train
149712,Instrumental,train
149714,Instrumental,train
149727,Instrumental,train
149750,Pop,train
149775,Experimental,train
149776,Experimental,train
149777,Experimental,train
149778,Experimental,val
149842,Experimental,train
149951,Hip-Hop,train
149953,Hip-Hop,val
150015,Pop,test
150017,Pop,train
150018,Pop,train
150062,Folk,train
150063,Folk,train
150064,Folk,train
150073,International,val
150078,International,val
150079,International,train
150080,International,train
150265,Instrumental,train
150266,Instrumental,train
150267,Instrumental,val
150268,Instrumental,train
150287,Hip-Hop,train
150288,Hip-Hop,train
151404,Electronic,train
152103,International,train
152253,International,val
152254,International,train
152258,International,val
152261,International,train
152262,International,train
152324,Pop,train
152418,International,val
152425,International,val
152480,Instrumental,val
152543,Hip-Hop,val
152545,Hip-Hop,train
152568,Instrumental,train
152569,Instrumental,train
152570,Instrumental,val
153337,Hip-Hop,train
153383,Pop,test
153452,Pop,train
153946,Folk,train
153955,Pop,test
153956,Pop,train
154303,Hip-Hop,train
154305,Hip-Hop,train
154306,Hip-Hop,train
154307,Hip-Hop,train
154308,Hip-Hop,train
154309,Hip-Hop,train
154413,Pop,train
154414,Pop,train
155066,Hip-Hop,train
